project,algorithm,batch_size,update_method,factor,"num_of_builds, builds_saved",testall_size
BuildCraft-BuildCraft.csv,BATCHBISECT,-1,linear,2,2005,-4.15584415584415,1925
BuildCraft-BuildCraft.csv,BATCHBISECT,-1,linear,3,2007,-4.259740259740255,1925
BuildCraft-BuildCraft.csv,BATCHBISECT,-1,linear,4,2051,-6.545454545454547,1925
BuildCraft-BuildCraft.csv,BATCHSTOP4,-1,linear,2,1620,15.84415584415585,1925
BuildCraft-BuildCraft.csv,BATCHSTOP4,-1,linear,3,1613,16.20779220779221,1925
BuildCraft-BuildCraft.csv,BATCHSTOP4,-1,linear,4,1667,13.402597402597408,1925
BuildCraft-BuildCraft.csv,BATCHDIVIDE4,-1,linear,2,1801,6.441558441558442,1925
BuildCraft-BuildCraft.csv,BATCHDIVIDE4,-1,linear,3,1770,8.051948051948045,1925
BuildCraft-BuildCraft.csv,BATCHDIVIDE4,-1,linear,4,1788,7.116883116883116,1925
BuildCraft-BuildCraft.csv,BATCHBISECT,-1,exponential,2,1987,-3.220779220779221,1925
BuildCraft-BuildCraft.csv,BATCHBISECT,-1,exponential,3,2064,-7.220779220779221,1925
BuildCraft-BuildCraft.csv,BATCHSTOP4,-1,exponential,2,1583,17.766233766233768,1925
BuildCraft-BuildCraft.csv,BATCHSTOP4,-1,exponential,3,1655,14.025974025974023,1925
BuildCraft-BuildCraft.csv,BATCHDIVIDE4,-1,exponential,2,1760,8.57142857142857,1925
BuildCraft-BuildCraft.csv,BATCHDIVIDE4,-1,exponential,3,1769,8.103896103896105,1925
BuildCraft-BuildCraft.csv,BATCHBISECT,-1,stagger,2,1900,1.2987012987013031,1925
BuildCraft-BuildCraft.csv,BATCHBISECT,-1,stagger,3,1996,-3.6883116883116855,1925
BuildCraft-BuildCraft.csv,BATCHSTOP4,-1,stagger,2,1591,17.35064935064935,1925
BuildCraft-BuildCraft.csv,BATCHSTOP4,-1,stagger,3,1619,15.896103896103895,1925
BuildCraft-BuildCraft.csv,BATCHDIVIDE4,-1,stagger,2,1791,6.961038961038966,1925
BuildCraft-BuildCraft.csv,BATCHDIVIDE4,-1,stagger,3,1772,7.948051948051955,1925
BuildCraft-BuildCraft.csv,BATCHBISECT,-1,random_linear,-1,2041,-6.025974025974023,1925
BuildCraft-BuildCraft.csv,BATCHSTOP4,-1,random_linear,-1,1618,15.948051948051955,1925
BuildCraft-BuildCraft.csv,BATCHDIVIDE4,-1,random_linear,-1,1761,8.519480519480524,1925
BuildCraft-BuildCraft.csv,BATCHBISECT,-1,random_exponential,-1,2105,-9.350649350649348,1925
BuildCraft-BuildCraft.csv,BATCHSTOP4,-1,random_exponential,-1,1644,14.597402597402592,1925
BuildCraft-BuildCraft.csv,BATCHDIVIDE4,-1,random_exponential,-1,1783,7.376623376623371,1925
apache-tajo.csv,BATCHBISECT,-1,linear,2,1641,15.759753593429153,1948
apache-tajo.csv,BATCHBISECT,-1,linear,3,1598,17.96714579055441,1948
apache-tajo.csv,BATCHBISECT,-1,linear,4,1627,16.478439425051334,1948
apache-tajo.csv,BATCHSTOP4,-1,linear,2,1216,37.57700205338809,1948
apache-tajo.csv,BATCHSTOP4,-1,linear,3,1219,37.42299794661191,1948
apache-tajo.csv,BATCHSTOP4,-1,linear,4,1263,35.16427104722793,1948
apache-tajo.csv,BATCHDIVIDE4,-1,linear,2,1498,23.10061601642711,1948
apache-tajo.csv,BATCHDIVIDE4,-1,linear,3,1450,25.564681724845997,1948
apache-tajo.csv,BATCHDIVIDE4,-1,linear,4,1458,25.154004106776185,1948
apache-tajo.csv,BATCHBISECT,-1,exponential,2,1530,21.45790554414785,1948
apache-tajo.csv,BATCHBISECT,-1,exponential,3,1606,17.5564681724846,1948
apache-tajo.csv,BATCHSTOP4,-1,exponential,2,1173,39.784394250513344,1948
apache-tajo.csv,BATCHSTOP4,-1,exponential,3,1237,36.49897330595483,1948
apache-tajo.csv,BATCHDIVIDE4,-1,exponential,2,1447,25.71868583162218,1948
apache-tajo.csv,BATCHDIVIDE4,-1,exponential,3,1389,28.696098562628336,1948
apache-tajo.csv,BATCHBISECT,-1,stagger,2,1474,24.332648870636547,1948
apache-tajo.csv,BATCHBISECT,-1,stagger,3,1547,20.585215605749482,1948
apache-tajo.csv,BATCHSTOP4,-1,stagger,2,1171,39.8870636550308,1948
apache-tajo.csv,BATCHSTOP4,-1,stagger,3,1207,38.03901437371663,1948
apache-tajo.csv,BATCHDIVIDE4,-1,stagger,2,1448,25.667351129363453,1948
apache-tajo.csv,BATCHDIVIDE4,-1,stagger,3,1456,25.25667351129364,1948
apache-tajo.csv,BATCHBISECT,-1,random_linear,-1,1543,20.790554414784395,1948
apache-tajo.csv,BATCHSTOP4,-1,random_linear,-1,1213,37.73100616016427,1948
apache-tajo.csv,BATCHDIVIDE4,-1,random_linear,-1,1458,25.154004106776185,1948
apache-tajo.csv,BATCHBISECT,-1,random_exponential,-1,1591,18.32648870636551,1948
apache-tajo.csv,BATCHSTOP4,-1,random_exponential,-1,1218,37.474332648870636,1948
apache-tajo.csv,BATCHDIVIDE4,-1,random_exponential,-1,1406,27.823408624229984,1948
osmdroid-osmdroid.csv,BATCHBISECT,-1,linear,2,1636,1.6235718580878,1663
osmdroid-osmdroid.csv,BATCHBISECT,-1,linear,3,1644,1.1425135297654805,1663
osmdroid-osmdroid.csv,BATCHBISECT,-1,linear,4,1675,-0.7215874924834651,1663
osmdroid-osmdroid.csv,BATCHSTOP4,-1,linear,2,1354,18.580877931449194,1663
osmdroid-osmdroid.csv,BATCHSTOP4,-1,linear,3,1350,18.82140709561034,1663
osmdroid-osmdroid.csv,BATCHSTOP4,-1,linear,4,1378,17.137702946482264,1663
osmdroid-osmdroid.csv,BATCHDIVIDE4,-1,linear,2,1521,8.538785327720987,1663
osmdroid-osmdroid.csv,BATCHDIVIDE4,-1,linear,3,1518,8.719182200841857,1663
osmdroid-osmdroid.csv,BATCHDIVIDE4,-1,linear,4,1542,7.276007215874927,1663
osmdroid-osmdroid.csv,BATCHBISECT,-1,exponential,2,1665,-0.12026458208057988,1663
osmdroid-osmdroid.csv,BATCHBISECT,-1,exponential,3,1691,-1.6837041491280758,1663
osmdroid-osmdroid.csv,BATCHSTOP4,-1,exponential,2,1353,18.64101022248947,1663
osmdroid-osmdroid.csv,BATCHSTOP4,-1,exponential,3,1394,16.17558628983764,1663
osmdroid-osmdroid.csv,BATCHDIVIDE4,-1,exponential,2,1535,7.696933253156942,1663
osmdroid-osmdroid.csv,BATCHDIVIDE4,-1,exponential,3,1500,9.801563439567047,1663
osmdroid-osmdroid.csv,BATCHBISECT,-1,stagger,2,1533,7.817197835237522,1663
osmdroid-osmdroid.csv,BATCHBISECT,-1,stagger,3,1559,6.253758268190012,1663
osmdroid-osmdroid.csv,BATCHSTOP4,-1,stagger,2,1340,19.422730006013225,1663
osmdroid-osmdroid.csv,BATCHSTOP4,-1,stagger,3,1357,18.400481058328324,1663
osmdroid-osmdroid.csv,BATCHDIVIDE4,-1,stagger,2,1535,7.696933253156942,1663
osmdroid-osmdroid.csv,BATCHDIVIDE4,-1,stagger,3,1500,9.801563439567047,1663
osmdroid-osmdroid.csv,BATCHBISECT,-1,random_linear,-1,1589,4.449789536981356,1663
osmdroid-osmdroid.csv,BATCHSTOP4,-1,random_linear,-1,1332,19.903788334335545,1663
osmdroid-osmdroid.csv,BATCHDIVIDE4,-1,random_linear,-1,1511,9.140108238123872,1663
osmdroid-osmdroid.csv,BATCHBISECT,-1,random_exponential,-1,1709,-2.7660853878532805,1663
osmdroid-osmdroid.csv,BATCHSTOP4,-1,random_exponential,-1,1371,17.55862898376428,1663
osmdroid-osmdroid.csv,BATCHDIVIDE4,-1,random_exponential,-1,1480,11.004209260372818,1663
DSpace-DSpace.csv,BATCHBISECT,-1,linear,2,875,56.271864067966014,2001
DSpace-DSpace.csv,BATCHBISECT,-1,linear,3,874,56.32183908045977,2001
DSpace-DSpace.csv,BATCHBISECT,-1,linear,4,885,55.77211394302849,2001
DSpace-DSpace.csv,BATCHSTOP4,-1,linear,2,732,63.41829085457271,2001
DSpace-DSpace.csv,BATCHSTOP4,-1,linear,3,730,63.51824087956022,2001
DSpace-DSpace.csv,BATCHSTOP4,-1,linear,4,740,63.01849075462269,2001
DSpace-DSpace.csv,BATCHDIVIDE4,-1,linear,2,930,53.523238380809595,2001
DSpace-DSpace.csv,BATCHDIVIDE4,-1,linear,3,946,52.723638180909546,2001
DSpace-DSpace.csv,BATCHDIVIDE4,-1,linear,4,927,53.673163418290855,2001
DSpace-DSpace.csv,BATCHBISECT,-1,exponential,2,866,56.721639180409795,2001
DSpace-DSpace.csv,BATCHBISECT,-1,exponential,3,867,56.67166416791604,2001
DSpace-DSpace.csv,BATCHSTOP4,-1,exponential,2,740,63.01849075462269,2001
DSpace-DSpace.csv,BATCHSTOP4,-1,exponential,3,731,63.468265867066464,2001
DSpace-DSpace.csv,BATCHDIVIDE4,-1,exponential,2,883,55.87206396801599,2001
DSpace-DSpace.csv,BATCHDIVIDE4,-1,exponential,3,804,59.82008995502249,2001
DSpace-DSpace.csv,BATCHBISECT,-1,stagger,2,838,58.120939530234885,2001
DSpace-DSpace.csv,BATCHBISECT,-1,stagger,3,848,57.62118940529735,2001
DSpace-DSpace.csv,BATCHSTOP4,-1,stagger,2,711,64.46776611694153,2001
DSpace-DSpace.csv,BATCHSTOP4,-1,stagger,3,710,64.51774112943528,2001
DSpace-DSpace.csv,BATCHDIVIDE4,-1,stagger,2,965,51.77411294352824,2001
DSpace-DSpace.csv,BATCHDIVIDE4,-1,stagger,3,925,53.77311344327836,2001
DSpace-DSpace.csv,BATCHBISECT,-1,random_linear,-1,870,56.52173913043478,2001
DSpace-DSpace.csv,BATCHSTOP4,-1,random_linear,-1,727,63.66816591704148,2001
DSpace-DSpace.csv,BATCHDIVIDE4,-1,random_linear,-1,932,53.42328835582209,2001
DSpace-DSpace.csv,BATCHBISECT,-1,random_exponential,-1,905,54.772613693153424,2001
DSpace-DSpace.csv,BATCHSTOP4,-1,random_exponential,-1,714,64.31784107946027,2001
DSpace-DSpace.csv,BATCHDIVIDE4,-1,random_exponential,-1,822,58.920539730134934,2001
apache-nifi.csv,BATCHBISECT,-1,linear,2,1764,10.36585365853658,1968
apache-nifi.csv,BATCHBISECT,-1,linear,3,1691,14.075203252032523,1968
apache-nifi.csv,BATCHBISECT,-1,linear,4,1722,12.5,1968
apache-nifi.csv,BATCHSTOP4,-1,linear,2,1305,33.6890243902439,1968
apache-nifi.csv,BATCHSTOP4,-1,linear,3,1326,32.6219512195122,1968
apache-nifi.csv,BATCHSTOP4,-1,linear,4,1353,31.25,1968
apache-nifi.csv,BATCHDIVIDE4,-1,linear,2,1578,19.817073170731703,1968
apache-nifi.csv,BATCHDIVIDE4,-1,linear,3,1533,22.10365853658537,1968
apache-nifi.csv,BATCHDIVIDE4,-1,linear,4,1567,20.3760162601626,1968
apache-nifi.csv,BATCHBISECT,-1,exponential,2,1681,14.583333333333329,1968
apache-nifi.csv,BATCHBISECT,-1,exponential,3,1734,11.890243902439025,1968
apache-nifi.csv,BATCHSTOP4,-1,exponential,2,1318,33.02845528455285,1968
apache-nifi.csv,BATCHSTOP4,-1,exponential,3,1385,29.6239837398374,1968
apache-nifi.csv,BATCHDIVIDE4,-1,exponential,2,1534,22.05284552845528,1968
apache-nifi.csv,BATCHDIVIDE4,-1,exponential,3,1522,22.662601626016254,1968
apache-nifi.csv,BATCHBISECT,-1,stagger,2,1614,17.987804878048777,1968
apache-nifi.csv,BATCHBISECT,-1,stagger,3,1633,17.02235772357723,1968
apache-nifi.csv,BATCHSTOP4,-1,stagger,2,1331,32.367886178861795,1968
apache-nifi.csv,BATCHSTOP4,-1,stagger,3,1335,32.16463414634147,1968
apache-nifi.csv,BATCHDIVIDE4,-1,stagger,2,1568,20.325203252032523,1968
apache-nifi.csv,BATCHDIVIDE4,-1,stagger,3,1525,22.51016260162602,1968
apache-nifi.csv,BATCHBISECT,-1,random_linear,-1,1696,13.82113821138212,1968
apache-nifi.csv,BATCHSTOP4,-1,random_linear,-1,1329,32.46951219512195,1968
apache-nifi.csv,BATCHDIVIDE4,-1,random_linear,-1,1550,21.23983739837398,1968
apache-nifi.csv,BATCHBISECT,-1,random_exponential,-1,1728,12.195121951219505,1968
apache-nifi.csv,BATCHSTOP4,-1,random_exponential,-1,1359,30.945121951219505,1968
apache-nifi.csv,BATCHDIVIDE4,-1,random_exponential,-1,1537,21.900406504065046,1968
caelum-vraptor4.csv,BATCHBISECT,-1,linear,2,845,42.63408010862186,1473
caelum-vraptor4.csv,BATCHBISECT,-1,linear,3,836,43.245078071961984,1473
caelum-vraptor4.csv,BATCHBISECT,-1,linear,4,822,44.19551934826884,1473
caelum-vraptor4.csv,BATCHSTOP4,-1,linear,2,676,54.10726408689749,1473
caelum-vraptor4.csv,BATCHSTOP4,-1,linear,3,681,53.76782077393075,1473
caelum-vraptor4.csv,BATCHSTOP4,-1,linear,4,674,54.24304141208418,1473
caelum-vraptor4.csv,BATCHDIVIDE4,-1,linear,2,816,44.60285132382892,1473
caelum-vraptor4.csv,BATCHDIVIDE4,-1,linear,3,812,44.87440597420231,1473
caelum-vraptor4.csv,BATCHDIVIDE4,-1,linear,4,782,46.911065852002714,1473
caelum-vraptor4.csv,BATCHBISECT,-1,exponential,2,809,45.078071961982346,1473
caelum-vraptor4.csv,BATCHBISECT,-1,exponential,3,865,41.27630685675492,1473
caelum-vraptor4.csv,BATCHSTOP4,-1,exponential,2,666,54.78615071283096,1473
caelum-vraptor4.csv,BATCHSTOP4,-1,exponential,3,702,52.342158859470466,1473
caelum-vraptor4.csv,BATCHDIVIDE4,-1,exponential,2,817,44.534962661235575,1473
caelum-vraptor4.csv,BATCHDIVIDE4,-1,exponential,3,757,48.60828241683639,1473
caelum-vraptor4.csv,BATCHBISECT,-1,stagger,2,797,45.89273591310251,1473
caelum-vraptor4.csv,BATCHBISECT,-1,stagger,3,824,44.059742023082144,1473
caelum-vraptor4.csv,BATCHSTOP4,-1,stagger,2,663,54.989816700611,1473
caelum-vraptor4.csv,BATCHSTOP4,-1,stagger,3,675,54.175152749490834,1473
caelum-vraptor4.csv,BATCHDIVIDE4,-1,stagger,2,828,43.788187372708755,1473
caelum-vraptor4.csv,BATCHDIVIDE4,-1,stagger,3,847,42.498302783435165,1473
caelum-vraptor4.csv,BATCHBISECT,-1,random_linear,-1,841,42.90563475899525,1473
caelum-vraptor4.csv,BATCHSTOP4,-1,random_linear,-1,684,53.564154786150716,1473
caelum-vraptor4.csv,BATCHDIVIDE4,-1,random_linear,-1,873,40.73319755600814,1473
caelum-vraptor4.csv,BATCHBISECT,-1,random_exponential,-1,895,39.23964697895452,1473
caelum-vraptor4.csv,BATCHSTOP4,-1,random_exponential,-1,692,53.02104548540394,1473
caelum-vraptor4.csv,BATCHDIVIDE4,-1,random_exponential,-1,762,48.26883910386965,1473
grails-grails-core.csv,BATCHBISECT,-1,linear,2,2051,4.8259860788863165,2155
grails-grails-core.csv,BATCHBISECT,-1,linear,3,2067,4.0835266821345755,2155
grails-grails-core.csv,BATCHBISECT,-1,linear,4,2072,3.8515081206496546,2155
grails-grails-core.csv,BATCHSTOP4,-1,linear,2,1589,26.264501160092806,2155
grails-grails-core.csv,BATCHSTOP4,-1,linear,3,1597,25.893271461716935,2155
grails-grails-core.csv,BATCHSTOP4,-1,linear,4,1642,23.805104408352662,2155
grails-grails-core.csv,BATCHDIVIDE4,-1,linear,2,1810,16.009280742459396,2155
grails-grails-core.csv,BATCHDIVIDE4,-1,linear,3,1800,16.473317865429237,2155
grails-grails-core.csv,BATCHDIVIDE4,-1,linear,4,1821,15.498839907192576,2155
grails-grails-core.csv,BATCHBISECT,-1,exponential,2,1994,7.4709976798143884,2155
grails-grails-core.csv,BATCHBISECT,-1,exponential,3,2100,2.552204176334101,2155
grails-grails-core.csv,BATCHSTOP4,-1,exponential,2,1568,27.238979118329468,2155
grails-grails-core.csv,BATCHSTOP4,-1,exponential,3,1640,23.897911832946633,2155
grails-grails-core.csv,BATCHDIVIDE4,-1,exponential,2,1777,17.540603248259856,2155
grails-grails-core.csv,BATCHDIVIDE4,-1,exponential,3,1795,16.705336426914158,2155
grails-grails-core.csv,BATCHBISECT,-1,stagger,2,1969,8.631090487238978,2155
grails-grails-core.csv,BATCHBISECT,-1,stagger,3,2008,6.821345707656619,2155
grails-grails-core.csv,BATCHSTOP4,-1,stagger,2,1586,26.403712296983755,2155
grails-grails-core.csv,BATCHSTOP4,-1,stagger,3,1606,25.475638051044086,2155
grails-grails-core.csv,BATCHDIVIDE4,-1,stagger,2,1834,14.895591647331784,2155
grails-grails-core.csv,BATCHDIVIDE4,-1,stagger,3,1784,17.21577726218098,2155
grails-grails-core.csv,BATCHBISECT,-1,random_linear,-1,2040,5.336426914153137,2155
grails-grails-core.csv,BATCHSTOP4,-1,random_linear,-1,1581,26.635730858468676,2155
grails-grails-core.csv,BATCHDIVIDE4,-1,random_linear,-1,1807,16.148491879350345,2155
grails-grails-core.csv,BATCHBISECT,-1,random_exponential,-1,2047,5.011600928074245,2155
grails-grails-core.csv,BATCHSTOP4,-1,random_exponential,-1,1642,23.805104408352662,2155
grails-grails-core.csv,BATCHDIVIDE4,-1,random_exponential,-1,1771,17.81902552204177,2155
square-wire.csv,BATCHBISECT,-1,linear,2,595,73.1981981981982,2220
square-wire.csv,BATCHBISECT,-1,linear,3,608,72.61261261261261,2220
square-wire.csv,BATCHBISECT,-1,linear,4,574,74.14414414414415,2220
square-wire.csv,BATCHSTOP4,-1,linear,2,497,77.61261261261261,2220
square-wire.csv,BATCHSTOP4,-1,linear,3,506,77.2072072072072,2220
square-wire.csv,BATCHSTOP4,-1,linear,4,480,78.37837837837839,2220
square-wire.csv,BATCHDIVIDE4,-1,linear,2,816,63.24324324324324,2220
square-wire.csv,BATCHDIVIDE4,-1,linear,3,815,63.288288288288285,2220
square-wire.csv,BATCHDIVIDE4,-1,linear,4,809,63.55855855855856,2220
square-wire.csv,BATCHBISECT,-1,exponential,2,572,74.23423423423424,2220
square-wire.csv,BATCHBISECT,-1,exponential,3,635,71.3963963963964,2220
square-wire.csv,BATCHSTOP4,-1,exponential,2,540,75.67567567567568,2220
square-wire.csv,BATCHSTOP4,-1,exponential,3,520,76.57657657657657,2220
square-wire.csv,BATCHDIVIDE4,-1,exponential,2,692,68.82882882882883,2220
square-wire.csv,BATCHDIVIDE4,-1,exponential,3,590,73.42342342342343,2220
square-wire.csv,BATCHBISECT,-1,stagger,2,641,71.12612612612612,2220
square-wire.csv,BATCHBISECT,-1,stagger,3,643,71.03603603603604,2220
square-wire.csv,BATCHSTOP4,-1,stagger,2,507,77.16216216216216,2220
square-wire.csv,BATCHSTOP4,-1,stagger,3,531,76.08108108108108,2220
square-wire.csv,BATCHDIVIDE4,-1,stagger,2,851,61.666666666666664,2220
square-wire.csv,BATCHDIVIDE4,-1,stagger,3,881,60.31531531531532,2220
square-wire.csv,BATCHBISECT,-1,random_linear,-1,639,71.21621621621622,2220
square-wire.csv,BATCHSTOP4,-1,random_linear,-1,525,76.35135135135135,2220
square-wire.csv,BATCHDIVIDE4,-1,random_linear,-1,879,60.4054054054054,2220
square-wire.csv,BATCHBISECT,-1,random_exponential,-1,632,71.53153153153153,2220
square-wire.csv,BATCHSTOP4,-1,random_exponential,-1,532,76.03603603603604,2220
square-wire.csv,BATCHDIVIDE4,-1,random_exponential,-1,618,72.16216216216216,2220
puniverse-quasar.csv,BATCHBISECT,-1,linear,2,1537,25.89199614271938,2074
puniverse-quasar.csv,BATCHBISECT,-1,linear,3,1499,27.724204435872707,2074
puniverse-quasar.csv,BATCHBISECT,-1,linear,4,1535,25.98842815814851,2074
puniverse-quasar.csv,BATCHSTOP4,-1,linear,2,1174,43.39440694310511,2074
puniverse-quasar.csv,BATCHSTOP4,-1,linear,3,1163,43.92478302796528,2074
puniverse-quasar.csv,BATCHSTOP4,-1,linear,4,1211,41.61041465766635,2074
puniverse-quasar.csv,BATCHDIVIDE4,-1,linear,2,1438,30.66538090646094,2074
puniverse-quasar.csv,BATCHDIVIDE4,-1,linear,3,1388,33.076181292189005,2074
puniverse-quasar.csv,BATCHDIVIDE4,-1,linear,4,1439,30.61716489874638,2074
puniverse-quasar.csv,BATCHBISECT,-1,exponential,2,1430,31.05110896817743,2074
puniverse-quasar.csv,BATCHBISECT,-1,exponential,3,1547,25.40983606557377,2074
puniverse-quasar.csv,BATCHSTOP4,-1,exponential,2,1116,46.19093539054966,2074
puniverse-quasar.csv,BATCHSTOP4,-1,exponential,3,1201,42.092574734811954,2074
puniverse-quasar.csv,BATCHDIVIDE4,-1,exponential,2,1357,34.5708775313404,2074
puniverse-quasar.csv,BATCHDIVIDE4,-1,exponential,3,1328,35.96914175506268,2074
puniverse-quasar.csv,BATCHBISECT,-1,stagger,2,1494,27.96528447444551,2074
puniverse-quasar.csv,BATCHBISECT,-1,stagger,3,1474,28.92960462873674,2074
puniverse-quasar.csv,BATCHSTOP4,-1,stagger,2,1194,42.43008678881389,2074
puniverse-quasar.csv,BATCHSTOP4,-1,stagger,3,1172,43.49083895853423,2074
puniverse-quasar.csv,BATCHDIVIDE4,-1,stagger,2,1466,29.315332690453232,2074
puniverse-quasar.csv,BATCHDIVIDE4,-1,stagger,3,1418,31.62970106075217,2074
puniverse-quasar.csv,BATCHBISECT,-1,random_linear,-1,1473,28.9778206364513,2074
puniverse-quasar.csv,BATCHSTOP4,-1,random_linear,-1,1173,43.442622950819676,2074
puniverse-quasar.csv,BATCHDIVIDE4,-1,random_linear,-1,1413,31.870781099324972,2074
puniverse-quasar.csv,BATCHBISECT,-1,random_exponential,-1,1579,23.866923818707818,2074
puniverse-quasar.csv,BATCHSTOP4,-1,random_exponential,-1,1197,42.2854387656702,2074
puniverse-quasar.csv,BATCHDIVIDE4,-1,random_exponential,-1,1346,35.10125361620058,2074
dropwizard-dropwizard.csv,BATCHBISECT,-1,linear,2,814,63.628239499553175,2238
dropwizard-dropwizard.csv,BATCHBISECT,-1,linear,3,775,65.37086684539767,2238
dropwizard-dropwizard.csv,BATCHBISECT,-1,linear,4,827,63.047363717605,2238
dropwizard-dropwizard.csv,BATCHSTOP4,-1,linear,2,662,70.42001787310099,2238
dropwizard-dropwizard.csv,BATCHSTOP4,-1,linear,3,635,71.62645218945487,2238
dropwizard-dropwizard.csv,BATCHSTOP4,-1,linear,4,674,69.88382484361037,2238
dropwizard-dropwizard.csv,BATCHDIVIDE4,-1,linear,2,946,57.73011617515639,2238
dropwizard-dropwizard.csv,BATCHDIVIDE4,-1,linear,3,909,59.38337801608579,2238
dropwizard-dropwizard.csv,BATCHDIVIDE4,-1,linear,4,951,57.506702412868634,2238
dropwizard-dropwizard.csv,BATCHBISECT,-1,exponential,2,731,67.33690795352993,2238
dropwizard-dropwizard.csv,BATCHBISECT,-1,exponential,3,773,65.46023235031278,2238
dropwizard-dropwizard.csv,BATCHSTOP4,-1,exponential,2,633,71.71581769436997,2238
dropwizard-dropwizard.csv,BATCHSTOP4,-1,exponential,3,635,71.62645218945487,2238
dropwizard-dropwizard.csv,BATCHDIVIDE4,-1,exponential,2,787,64.83467381590705,2238
dropwizard-dropwizard.csv,BATCHDIVIDE4,-1,exponential,3,722,67.7390527256479,2238
dropwizard-dropwizard.csv,BATCHBISECT,-1,stagger,2,760,66.04110813226094,2238
dropwizard-dropwizard.csv,BATCHBISECT,-1,stagger,3,749,66.532618409294,2238
dropwizard-dropwizard.csv,BATCHSTOP4,-1,stagger,2,647,71.09025915996426,2238
dropwizard-dropwizard.csv,BATCHSTOP4,-1,stagger,3,629,71.89454870420018,2238
dropwizard-dropwizard.csv,BATCHDIVIDE4,-1,stagger,2,957,57.238605898123325,2238
dropwizard-dropwizard.csv,BATCHDIVIDE4,-1,stagger,3,935,58.221626452189454,2238
dropwizard-dropwizard.csv,BATCHBISECT,-1,random_linear,-1,798,64.343163538874,2238
dropwizard-dropwizard.csv,BATCHSTOP4,-1,random_linear,-1,655,70.73279714030384,2238
dropwizard-dropwizard.csv,BATCHDIVIDE4,-1,random_linear,-1,901,59.7408400357462,2238
dropwizard-dropwizard.csv,BATCHBISECT,-1,random_exponential,-1,766,65.77301161751564,2238
dropwizard-dropwizard.csv,BATCHSTOP4,-1,random_exponential,-1,638,71.49240393208221,2238
dropwizard-dropwizard.csv,BATCHDIVIDE4,-1,random_exponential,-1,802,64.16443252904378,2238
essentials-Essentials.csv,BATCHBISECT,-1,linear,2,1023,51.94927195866604,2129
essentials-Essentials.csv,BATCHBISECT,-1,linear,3,975,54.203851573508686,2129
essentials-Essentials.csv,BATCHBISECT,-1,linear,4,933,56.17660873649601,2129
essentials-Essentials.csv,BATCHSTOP4,-1,linear,2,775,63.597933302019726,2129
essentials-Essentials.csv,BATCHSTOP4,-1,linear,3,762,64.20854861437294,2129
essentials-Essentials.csv,BATCHSTOP4,-1,linear,4,734,65.52372005636448,2129
essentials-Essentials.csv,BATCHDIVIDE4,-1,linear,2,1071,49.69469234382339,2129
essentials-Essentials.csv,BATCHDIVIDE4,-1,linear,3,1039,51.19774542038516,2129
essentials-Essentials.csv,BATCHDIVIDE4,-1,linear,4,1026,51.80836073273837,2129
essentials-Essentials.csv,BATCHBISECT,-1,exponential,2,969,54.48567402536402,2129
essentials-Essentials.csv,BATCHBISECT,-1,exponential,3,974,54.250821982151244,2129
essentials-Essentials.csv,BATCHSTOP4,-1,exponential,2,752,64.6782527007985,2129
essentials-Essentials.csv,BATCHSTOP4,-1,exponential,3,763,64.1615782057304,2129
essentials-Essentials.csv,BATCHDIVIDE4,-1,exponential,2,1062,50.11742602160639,2129
essentials-Essentials.csv,BATCHDIVIDE4,-1,exponential,3,855,59.840300610615316,2129
essentials-Essentials.csv,BATCHBISECT,-1,stagger,2,879,58.71301080319399,2129
essentials-Essentials.csv,BATCHBISECT,-1,stagger,3,890,58.19633630812588,2129
essentials-Essentials.csv,BATCHSTOP4,-1,stagger,2,738,65.33583842179428,2129
essentials-Essentials.csv,BATCHSTOP4,-1,stagger,3,751,64.72522310944106,2129
essentials-Essentials.csv,BATCHDIVIDE4,-1,stagger,2,1054,50.49318929074683,2129
essentials-Essentials.csv,BATCHDIVIDE4,-1,stagger,3,1041,51.103804603100045,2129
essentials-Essentials.csv,BATCHBISECT,-1,random_linear,-1,966,54.62658525129169,2129
essentials-Essentials.csv,BATCHSTOP4,-1,random_linear,-1,750,64.77219351808361,2129
essentials-Essentials.csv,BATCHDIVIDE4,-1,random_linear,-1,1068,49.83560356975106,2129
essentials-Essentials.csv,BATCHBISECT,-1,random_exponential,-1,944,55.6599342414279,2129
essentials-Essentials.csv,BATCHSTOP4,-1,random_exponential,-1,763,64.1615782057304,2129
essentials-Essentials.csv,BATCHDIVIDE4,-1,random_exponential,-1,911,57.20995772663222,2129
mybatis-mybatis-3.csv,BATCHBISECT,-1,linear,2,726,69.27634363097758,2363
mybatis-mybatis-3.csv,BATCHBISECT,-1,linear,3,707,70.08040626322472,2363
mybatis-mybatis-3.csv,BATCHBISECT,-1,linear,4,707,70.08040626322472,2363
mybatis-mybatis-3.csv,BATCHSTOP4,-1,linear,2,563,76.17435463393991,2363
mybatis-mybatis-3.csv,BATCHSTOP4,-1,linear,3,587,75.15869657215404,2363
mybatis-mybatis-3.csv,BATCHSTOP4,-1,linear,4,584,75.28565382987728,2363
mybatis-mybatis-3.csv,BATCHDIVIDE4,-1,linear,2,887,62.46297079983072,2363
mybatis-mybatis-3.csv,BATCHDIVIDE4,-1,linear,3,906,61.65890816758358,2363
mybatis-mybatis-3.csv,BATCHDIVIDE4,-1,linear,4,913,61.36267456622937,2363
mybatis-mybatis-3.csv,BATCHBISECT,-1,exponential,2,736,68.85315277190013,2363
mybatis-mybatis-3.csv,BATCHBISECT,-1,exponential,3,714,69.7841726618705,2363
mybatis-mybatis-3.csv,BATCHSTOP4,-1,exponential,2,548,76.80914092255607,2363
mybatis-mybatis-3.csv,BATCHSTOP4,-1,exponential,3,558,76.38595006347863,2363
mybatis-mybatis-3.csv,BATCHDIVIDE4,-1,exponential,2,660,72.0694033008887,2363
mybatis-mybatis-3.csv,BATCHDIVIDE4,-1,exponential,3,649,72.5349132458739,2363
mybatis-mybatis-3.csv,BATCHBISECT,-1,stagger,2,693,70.67287346593314,2363
mybatis-mybatis-3.csv,BATCHBISECT,-1,stagger,3,687,70.9267879813796,2363
mybatis-mybatis-3.csv,BATCHSTOP4,-1,stagger,2,560,76.30131189166315,2363
mybatis-mybatis-3.csv,BATCHSTOP4,-1,stagger,3,569,75.92044011849345,2363
mybatis-mybatis-3.csv,BATCHDIVIDE4,-1,stagger,2,929,60.68556919170546,2363
mybatis-mybatis-3.csv,BATCHDIVIDE4,-1,stagger,3,988,58.18874312314854,2363
mybatis-mybatis-3.csv,BATCHBISECT,-1,random_linear,-1,726,69.27634363097758,2363
mybatis-mybatis-3.csv,BATCHSTOP4,-1,random_linear,-1,573,75.75116377486246,2363
mybatis-mybatis-3.csv,BATCHDIVIDE4,-1,random_linear,-1,944,60.05078290308929,2363
mybatis-mybatis-3.csv,BATCHBISECT,-1,random_exponential,-1,712,69.86881083368598,2363
mybatis-mybatis-3.csv,BATCHSTOP4,-1,random_exponential,-1,575,75.66652560304698,2363
mybatis-mybatis-3.csv,BATCHDIVIDE4,-1,random_exponential,-1,772,67.32966567922134,2363
naver-pinpoint.csv,BATCHBISECT,-1,linear,2,1007,54.660063034669065,2221
naver-pinpoint.csv,BATCHBISECT,-1,linear,3,1009,54.57001350742909,2221
naver-pinpoint.csv,BATCHBISECT,-1,linear,4,972,56.23592976136875,2221
naver-pinpoint.csv,BATCHSTOP4,-1,linear,2,815,63.30481764970734,2221
naver-pinpoint.csv,BATCHSTOP4,-1,linear,3,802,63.89013957676722,2221
naver-pinpoint.csv,BATCHSTOP4,-1,linear,4,800,63.9801891040072,2221
naver-pinpoint.csv,BATCHDIVIDE4,-1,linear,2,1107,50.15758667266997,2221
naver-pinpoint.csv,BATCHDIVIDE4,-1,linear,3,1103,50.33768572714993,2221
naver-pinpoint.csv,BATCHDIVIDE4,-1,linear,4,1087,51.05808194506979,2221
naver-pinpoint.csv,BATCHBISECT,-1,exponential,2,1053,52.58892390814948,2221
naver-pinpoint.csv,BATCHBISECT,-1,exponential,3,962,56.68617739756866,2221
naver-pinpoint.csv,BATCHSTOP4,-1,exponential,2,835,62.40432237730752,2221
naver-pinpoint.csv,BATCHSTOP4,-1,exponential,3,787,64.56551103106709,2221
naver-pinpoint.csv,BATCHDIVIDE4,-1,exponential,2,1136,48.85186852769023,2221
naver-pinpoint.csv,BATCHDIVIDE4,-1,exponential,3,878,60.46825754164791,2221
naver-pinpoint.csv,BATCHBISECT,-1,stagger,2,991,55.38045925258892,2221
naver-pinpoint.csv,BATCHBISECT,-1,stagger,3,943,57.541647906348494,2221
naver-pinpoint.csv,BATCHSTOP4,-1,stagger,2,830,62.629446195407475,2221
naver-pinpoint.csv,BATCHSTOP4,-1,stagger,3,799,64.0252138676272,2221
naver-pinpoint.csv,BATCHDIVIDE4,-1,stagger,2,1150,48.22152183701036,2221
naver-pinpoint.csv,BATCHDIVIDE4,-1,stagger,3,1101,50.427735254389916,2221
naver-pinpoint.csv,BATCHBISECT,-1,random_linear,-1,977,56.0108059432688,2221
naver-pinpoint.csv,BATCHSTOP4,-1,random_linear,-1,809,63.57496623142728,2221
naver-pinpoint.csv,BATCHDIVIDE4,-1,random_linear,-1,1121,49.52723998199009,2221
naver-pinpoint.csv,BATCHBISECT,-1,random_exponential,-1,996,55.15533543448897,2221
naver-pinpoint.csv,BATCHSTOP4,-1,random_exponential,-1,799,64.0252138676272,2221
naver-pinpoint.csv,BATCHDIVIDE4,-1,random_exponential,-1,1081,51.32823052678973,2221
FasterXML-jackson-databind.csv,BATCHBISECT,-1,linear,2,1591,34.174596607364506,2417
FasterXML-jackson-databind.csv,BATCHBISECT,-1,linear,3,1546,36.03640877120397,2417
FasterXML-jackson-databind.csv,BATCHBISECT,-1,linear,4,1578,34.712453454695904,2417
FasterXML-jackson-databind.csv,BATCHSTOP4,-1,linear,2,1273,47.33140256516342,2417
FasterXML-jackson-databind.csv,BATCHSTOP4,-1,linear,3,1279,47.08316094331816,2417
FasterXML-jackson-databind.csv,BATCHSTOP4,-1,linear,4,1299,46.25568887050062,2417
FasterXML-jackson-databind.csv,BATCHDIVIDE4,-1,linear,2,1526,36.863880844021516,2417
FasterXML-jackson-databind.csv,BATCHDIVIDE4,-1,linear,3,1515,37.318990484071165,2417
FasterXML-jackson-databind.csv,BATCHDIVIDE4,-1,linear,4,1507,37.64997931319818,2417
FasterXML-jackson-databind.csv,BATCHBISECT,-1,exponential,2,1586,34.38146462556888,2417
FasterXML-jackson-databind.csv,BATCHBISECT,-1,exponential,3,1514,37.36036408771204,2417
FasterXML-jackson-databind.csv,BATCHSTOP4,-1,exponential,2,1302,46.13156805957799,2417
FasterXML-jackson-databind.csv,BATCHSTOP4,-1,exponential,3,1270,47.455523376086056,2417
FasterXML-jackson-databind.csv,BATCHDIVIDE4,-1,exponential,2,1558,35.53992552751345,2417
FasterXML-jackson-databind.csv,BATCHDIVIDE4,-1,exponential,3,1373,43.19404220107571,2417
FasterXML-jackson-databind.csv,BATCHBISECT,-1,stagger,2,1458,39.67728589160116,2417
FasterXML-jackson-databind.csv,BATCHBISECT,-1,stagger,3,1419,41.290856433595366,2417
FasterXML-jackson-databind.csv,BATCHSTOP4,-1,stagger,2,1251,48.24162184526272,2417
FasterXML-jackson-databind.csv,BATCHSTOP4,-1,stagger,3,1226,49.27596193628465,2417
FasterXML-jackson-databind.csv,BATCHDIVIDE4,-1,stagger,2,1549,35.91228796028135,2417
FasterXML-jackson-databind.csv,BATCHDIVIDE4,-1,stagger,3,1496,38.10508895324783,2417
FasterXML-jackson-databind.csv,BATCHBISECT,-1,random_linear,-1,1506,37.69135291683906,2417
FasterXML-jackson-databind.csv,BATCHSTOP4,-1,random_linear,-1,1261,47.82788580885395,2417
FasterXML-jackson-databind.csv,BATCHDIVIDE4,-1,random_linear,-1,1545,36.07778237484485,2417
FasterXML-jackson-databind.csv,BATCHBISECT,-1,random_exponential,-1,1505,37.732726520479936,2417
FasterXML-jackson-databind.csv,BATCHSTOP4,-1,random_exponential,-1,1274,47.29002896152255,2417
FasterXML-jackson-databind.csv,BATCHDIVIDE4,-1,random_exponential,-1,1445,40.21514273893256,2417
samtools-htsjdk.csv,BATCHBISECT,-1,linear,2,893,64.78706624605678,2536
samtools-htsjdk.csv,BATCHBISECT,-1,linear,3,941,62.89432176656151,2536
samtools-htsjdk.csv,BATCHBISECT,-1,linear,4,933,63.209779179810724,2536
samtools-htsjdk.csv,BATCHSTOP4,-1,linear,2,734,71.05678233438486,2536
samtools-htsjdk.csv,BATCHSTOP4,-1,linear,3,737,70.9384858044164,2536
samtools-htsjdk.csv,BATCHSTOP4,-1,linear,4,740,70.82018927444796,2536
samtools-htsjdk.csv,BATCHDIVIDE4,-1,linear,2,1071,57.76813880126183,2536
samtools-htsjdk.csv,BATCHDIVIDE4,-1,linear,3,1078,57.49211356466877,2536
samtools-htsjdk.csv,BATCHDIVIDE4,-1,linear,4,1089,57.0583596214511,2536
samtools-htsjdk.csv,BATCHBISECT,-1,exponential,2,913,63.99842271293375,2536
samtools-htsjdk.csv,BATCHBISECT,-1,exponential,3,919,63.761829652996845,2536
samtools-htsjdk.csv,BATCHSTOP4,-1,exponential,2,673,73.46214511041009,2536
samtools-htsjdk.csv,BATCHSTOP4,-1,exponential,3,717,71.72712933753942,2536
samtools-htsjdk.csv,BATCHDIVIDE4,-1,exponential,2,1020,59.77917981072555,2536
samtools-htsjdk.csv,BATCHDIVIDE4,-1,exponential,3,823,67.54731861198738,2536
samtools-htsjdk.csv,BATCHBISECT,-1,stagger,2,905,64.31388012618297,2536
samtools-htsjdk.csv,BATCHBISECT,-1,stagger,3,895,64.70820189274448,2536
samtools-htsjdk.csv,BATCHSTOP4,-1,stagger,2,737,70.9384858044164,2536
samtools-htsjdk.csv,BATCHSTOP4,-1,stagger,3,739,70.8596214511041,2536
samtools-htsjdk.csv,BATCHDIVIDE4,-1,stagger,2,1137,55.16561514195583,2536
samtools-htsjdk.csv,BATCHDIVIDE4,-1,stagger,3,1141,55.00788643533123,2536
samtools-htsjdk.csv,BATCHBISECT,-1,random_linear,-1,920,63.722397476340696,2536
samtools-htsjdk.csv,BATCHSTOP4,-1,random_linear,-1,733,71.09621451104101,2536
samtools-htsjdk.csv,BATCHDIVIDE4,-1,random_linear,-1,1145,54.85015772870663,2536
samtools-htsjdk.csv,BATCHBISECT,-1,random_exponential,-1,915,63.91955835962145,2536
samtools-htsjdk.csv,BATCHSTOP4,-1,random_exponential,-1,735,71.01735015772871,2536
samtools-htsjdk.csv,BATCHDIVIDE4,-1,random_exponential,-1,952,62.46056782334385,2536
deeplearning4j-deeplearning4j.csv,BATCHBISECT,-1,linear,2,2769,-2.975083674228344,2689
deeplearning4j-deeplearning4j.csv,BATCHBISECT,-1,linear,3,2703,-0.5206396429899627,2689
deeplearning4j-deeplearning4j.csv,BATCHBISECT,-1,linear,4,2737,-1.7850502045370007,2689
deeplearning4j-deeplearning4j.csv,BATCHSTOP4,-1,linear,2,2610,2.9378951283004824,2689
deeplearning4j-deeplearning4j.csv,BATCHSTOP4,-1,linear,3,2604,3.1610264038676092,2689
deeplearning4j-deeplearning4j.csv,BATCHSTOP4,-1,linear,4,2631,2.1569356638155455,2689
deeplearning4j-deeplearning4j.csv,BATCHDIVIDE4,-1,linear,2,2642,1.7478616586091533,2689
deeplearning4j-deeplearning4j.csv,BATCHDIVIDE4,-1,linear,3,2640,1.8222387504648623,2689
deeplearning4j-deeplearning4j.csv,BATCHDIVIDE4,-1,linear,4,2656,1.2272220156191906,2689
deeplearning4j-deeplearning4j.csv,BATCHBISECT,-1,exponential,2,2725,-1.338787653402747,2689
deeplearning4j-deeplearning4j.csv,BATCHBISECT,-1,exponential,3,2769,-2.975083674228344,2689
deeplearning4j-deeplearning4j.csv,BATCHSTOP4,-1,exponential,2,2607,3.049460766084053,2689
deeplearning4j-deeplearning4j.csv,BATCHSTOP4,-1,exponential,3,2631,2.1569356638155455,2689
deeplearning4j-deeplearning4j.csv,BATCHDIVIDE4,-1,exponential,2,2653,1.338787653402747,2689
deeplearning4j-deeplearning4j.csv,BATCHDIVIDE4,-1,exponential,3,2669,0.7437709185570895,2689
deeplearning4j-deeplearning4j.csv,BATCHBISECT,-1,stagger,2,2676,0.4834510970621011,2689
deeplearning4j-deeplearning4j.csv,BATCHBISECT,-1,stagger,3,2697,-0.2975083674228358,2689
deeplearning4j-deeplearning4j.csv,BATCHSTOP4,-1,stagger,2,2600,3.309780587579027,2689
deeplearning4j-deeplearning4j.csv,BATCHSTOP4,-1,stagger,3,2613,2.826329490516926,2689
deeplearning4j-deeplearning4j.csv,BATCHDIVIDE4,-1,stagger,2,2651,1.413164745258456,2689
deeplearning4j-deeplearning4j.csv,BATCHDIVIDE4,-1,stagger,3,2645,1.6362960208255828,2689
deeplearning4j-deeplearning4j.csv,BATCHBISECT,-1,random_linear,-1,2714,-0.9297136481963548,2689
deeplearning4j-deeplearning4j.csv,BATCHSTOP4,-1,random_linear,-1,2613,2.826329490516926,2689
deeplearning4j-deeplearning4j.csv,BATCHDIVIDE4,-1,random_linear,-1,2640,1.8222387504648623,2689
deeplearning4j-deeplearning4j.csv,BATCHBISECT,-1,random_exponential,-1,2737,-1.7850502045370007,2689
deeplearning4j-deeplearning4j.csv,BATCHSTOP4,-1,random_exponential,-1,2608,3.0122722201561913,2689
deeplearning4j-deeplearning4j.csv,BATCHDIVIDE4,-1,random_exponential,-1,2647,1.5619189289698738,2689
open-keychain-open-keychain.csv,BATCHBISECT,-1,linear,2,1925,26.470588235294116,2618
open-keychain-open-keychain.csv,BATCHBISECT,-1,linear,3,1928,26.35599694423223,2618
open-keychain-open-keychain.csv,BATCHBISECT,-1,linear,4,1932,26.203208556149733,2618
open-keychain-open-keychain.csv,BATCHSTOP4,-1,linear,2,1533,41.44385026737968,2618
open-keychain-open-keychain.csv,BATCHSTOP4,-1,linear,3,1550,40.79449961802903,2618
open-keychain-open-keychain.csv,BATCHSTOP4,-1,linear,4,1553,40.67990832696715,2618
open-keychain-open-keychain.csv,BATCHDIVIDE4,-1,linear,2,1778,32.085561497326196,2618
open-keychain-open-keychain.csv,BATCHDIVIDE4,-1,linear,3,1778,32.085561497326196,2618
open-keychain-open-keychain.csv,BATCHDIVIDE4,-1,linear,4,1760,32.773109243697476,2618
open-keychain-open-keychain.csv,BATCHBISECT,-1,exponential,2,1865,28.76241405653171,2618
open-keychain-open-keychain.csv,BATCHBISECT,-1,exponential,3,1972,24.675324675324674,2618
open-keychain-open-keychain.csv,BATCHSTOP4,-1,exponential,2,1510,42.32238349885409,2618
open-keychain-open-keychain.csv,BATCHSTOP4,-1,exponential,3,1584,39.49579831932773,2618
open-keychain-open-keychain.csv,BATCHDIVIDE4,-1,exponential,2,1781,31.970970206264326,2618
open-keychain-open-keychain.csv,BATCHDIVIDE4,-1,exponential,3,1713,34.56837280366692,2618
open-keychain-open-keychain.csv,BATCHBISECT,-1,stagger,2,1807,30.977845683728034,2618
open-keychain-open-keychain.csv,BATCHBISECT,-1,stagger,3,1851,29.297173414820477,2618
open-keychain-open-keychain.csv,BATCHSTOP4,-1,stagger,2,1510,42.32238349885409,2618
open-keychain-open-keychain.csv,BATCHSTOP4,-1,stagger,3,1511,42.28418640183346,2618
open-keychain-open-keychain.csv,BATCHDIVIDE4,-1,stagger,2,1803,31.130634071810547,2618
open-keychain-open-keychain.csv,BATCHDIVIDE4,-1,stagger,3,1779,32.04736440030558,2618
open-keychain-open-keychain.csv,BATCHBISECT,-1,random_linear,-1,1872,28.495034377387313,2618
open-keychain-open-keychain.csv,BATCHSTOP4,-1,random_linear,-1,1492,43.00993124522536,2618
open-keychain-open-keychain.csv,BATCHDIVIDE4,-1,random_linear,-1,1789,31.665393430099314,2618
open-keychain-open-keychain.csv,BATCHBISECT,-1,random_exponential,-1,1991,23.949579831932766,2618
open-keychain-open-keychain.csv,BATCHSTOP4,-1,random_exponential,-1,1553,40.67990832696715,2618
open-keychain-open-keychain.csv,BATCHDIVIDE4,-1,random_exponential,-1,1716,34.45378151260505,2618
yegor256-takes.csv,BATCHBISECT,-1,linear,2,1330,37.35280263777673,2123
yegor256-takes.csv,BATCHBISECT,-1,linear,3,1275,39.94347621290626,2123
yegor256-takes.csv,BATCHBISECT,-1,linear,4,1271,40.13188883655205,2123
yegor256-takes.csv,BATCHSTOP4,-1,linear,2,1118,47.3386716910033,2123
yegor256-takes.csv,BATCHSTOP4,-1,linear,3,1108,47.80970325011776,2123
yegor256-takes.csv,BATCHSTOP4,-1,linear,4,1110,47.71549693829487,2123
yegor256-takes.csv,BATCHDIVIDE4,-1,linear,2,1275,39.94347621290626,2123
yegor256-takes.csv,BATCHDIVIDE4,-1,linear,3,1268,40.27319830428639,2123
yegor256-takes.csv,BATCHDIVIDE4,-1,linear,4,1290,39.23692887423457,2123
yegor256-takes.csv,BATCHBISECT,-1,exponential,2,1328,37.44700894959962,2123
yegor256-takes.csv,BATCHBISECT,-1,exponential,3,1297,38.90720678285445,2123
yegor256-takes.csv,BATCHSTOP4,-1,exponential,2,1140,46.30240226095148,2123
yegor256-takes.csv,BATCHSTOP4,-1,exponential,3,1137,46.44371172868582,2123
yegor256-takes.csv,BATCHDIVIDE4,-1,exponential,2,1297,38.90720678285445,2123
yegor256-takes.csv,BATCHDIVIDE4,-1,exponential,3,1211,42.95807819123881,2123
yegor256-takes.csv,BATCHBISECT,-1,stagger,2,1255,40.885539331135185,2123
yegor256-takes.csv,BATCHBISECT,-1,stagger,3,1250,41.12105511069242,2123
yegor256-takes.csv,BATCHSTOP4,-1,stagger,2,1120,47.244465379180404,2123
yegor256-takes.csv,BATCHSTOP4,-1,stagger,3,1101,48.13942534149788,2123
yegor256-takes.csv,BATCHDIVIDE4,-1,stagger,2,1344,36.69335845501649,2123
yegor256-takes.csv,BATCHDIVIDE4,-1,stagger,3,1321,37.77673104097975,2123
yegor256-takes.csv,BATCHBISECT,-1,random_linear,-1,1228,42.15732454074423,2123
yegor256-takes.csv,BATCHSTOP4,-1,random_linear,-1,1103,48.04521902967499,2123
yegor256-takes.csv,BATCHDIVIDE4,-1,random_linear,-1,1322,37.7296278850683,2123
yegor256-takes.csv,BATCHBISECT,-1,random_exponential,-1,1265,40.41450777202073,2123
yegor256-takes.csv,BATCHSTOP4,-1,random_exponential,-1,1115,47.47998115873764,2123
yegor256-takes.csv,BATCHDIVIDE4,-1,random_exponential,-1,1242,41.49788035798399,2123
keycloak-keycloak.csv,BATCHBISECT,-1,linear,2,1379,51.09929078014184,2820
keycloak-keycloak.csv,BATCHBISECT,-1,linear,3,1378,51.13475177304964,2820
keycloak-keycloak.csv,BATCHBISECT,-1,linear,4,1379,51.09929078014184,2820
keycloak-keycloak.csv,BATCHSTOP4,-1,linear,2,1141,59.53900709219858,2820
keycloak-keycloak.csv,BATCHSTOP4,-1,linear,3,1150,59.219858156028366,2820
keycloak-keycloak.csv,BATCHSTOP4,-1,linear,4,1152,59.148936170212764,2820
keycloak-keycloak.csv,BATCHDIVIDE4,-1,linear,2,1390,50.709219858156025,2820
keycloak-keycloak.csv,BATCHDIVIDE4,-1,linear,3,1430,49.290780141843975,2820
keycloak-keycloak.csv,BATCHDIVIDE4,-1,linear,4,1418,49.716312056737586,2820
keycloak-keycloak.csv,BATCHBISECT,-1,exponential,2,1382,50.99290780141844,2820
keycloak-keycloak.csv,BATCHBISECT,-1,exponential,3,1418,49.716312056737586,2820
keycloak-keycloak.csv,BATCHSTOP4,-1,exponential,2,1163,58.758865248226954,2820
keycloak-keycloak.csv,BATCHSTOP4,-1,exponential,3,1168,58.58156028368794,2820
keycloak-keycloak.csv,BATCHDIVIDE4,-1,exponential,2,1414,49.858156028368796,2820
keycloak-keycloak.csv,BATCHDIVIDE4,-1,exponential,3,1320,53.191489361702125,2820
keycloak-keycloak.csv,BATCHBISECT,-1,stagger,2,1345,52.304964539007095,2820
keycloak-keycloak.csv,BATCHBISECT,-1,stagger,3,1365,51.59574468085106,2820
keycloak-keycloak.csv,BATCHSTOP4,-1,stagger,2,1148,59.290780141843975,2820
keycloak-keycloak.csv,BATCHSTOP4,-1,stagger,3,1147,59.326241134751776,2820
keycloak-keycloak.csv,BATCHDIVIDE4,-1,stagger,2,1472,47.801418439716315,2820
keycloak-keycloak.csv,BATCHDIVIDE4,-1,stagger,3,1473,47.765957446808514,2820
keycloak-keycloak.csv,BATCHBISECT,-1,random_linear,-1,1379,51.09929078014184,2820
keycloak-keycloak.csv,BATCHSTOP4,-1,random_linear,-1,1132,59.858156028368796,2820
keycloak-keycloak.csv,BATCHDIVIDE4,-1,random_linear,-1,1485,47.340425531914896,2820
keycloak-keycloak.csv,BATCHBISECT,-1,random_exponential,-1,1406,50.141843971631204,2820
keycloak-keycloak.csv,BATCHSTOP4,-1,random_exponential,-1,1187,57.90780141843972,2820
keycloak-keycloak.csv,BATCHDIVIDE4,-1,random_exponential,-1,1286,54.39716312056738,2820
rackerlabs-blueflood.csv,BATCHBISECT,-1,linear,2,1910,33.8871581862236,2889
rackerlabs-blueflood.csv,BATCHBISECT,-1,linear,3,1923,33.437175493250265,2889
rackerlabs-blueflood.csv,BATCHBISECT,-1,linear,4,1889,34.61405330564209,2889
rackerlabs-blueflood.csv,BATCHSTOP4,-1,linear,2,1470,49.11734164070613,2889
rackerlabs-blueflood.csv,BATCHSTOP4,-1,linear,3,1478,48.84042921426099,2889
rackerlabs-blueflood.csv,BATCHSTOP4,-1,linear,4,1475,48.944271374177916,2889
rackerlabs-blueflood.csv,BATCHDIVIDE4,-1,linear,2,1804,37.556247836621665,2889
rackerlabs-blueflood.csv,BATCHDIVIDE4,-1,linear,3,1769,38.76773970231914,2889
rackerlabs-blueflood.csv,BATCHDIVIDE4,-1,linear,4,1802,37.62547594323295,2889
rackerlabs-blueflood.csv,BATCHBISECT,-1,exponential,2,1862,35.548632744894434,2889
rackerlabs-blueflood.csv,BATCHBISECT,-1,exponential,3,1924,33.40256143994462,2889
rackerlabs-blueflood.csv,BATCHSTOP4,-1,exponential,2,1444,50.01730702665282,2889
rackerlabs-blueflood.csv,BATCHSTOP4,-1,exponential,3,1513,47.62893734856352,2889
rackerlabs-blueflood.csv,BATCHDIVIDE4,-1,exponential,2,1779,38.42159916926272,2889
rackerlabs-blueflood.csv,BATCHDIVIDE4,-1,exponential,3,1670,42.194530979577706,2889
rackerlabs-blueflood.csv,BATCHBISECT,-1,stagger,2,1849,35.99861543786777,2889
rackerlabs-blueflood.csv,BATCHBISECT,-1,stagger,3,1829,36.69089650398062,2889
rackerlabs-blueflood.csv,BATCHSTOP4,-1,stagger,2,1487,48.52890273451021,2889
rackerlabs-blueflood.csv,BATCHSTOP4,-1,stagger,3,1459,49.49809622706819,2889
rackerlabs-blueflood.csv,BATCHDIVIDE4,-1,stagger,2,1887,34.68328141225338,2889
rackerlabs-blueflood.csv,BATCHDIVIDE4,-1,stagger,3,1829,36.69089650398062,2889
rackerlabs-blueflood.csv,BATCHBISECT,-1,random_linear,-1,1858,35.687088958117,2889
rackerlabs-blueflood.csv,BATCHSTOP4,-1,random_linear,-1,1431,50.467289719626166,2889
rackerlabs-blueflood.csv,BATCHDIVIDE4,-1,random_linear,-1,1827,36.7601246105919,2889
rackerlabs-blueflood.csv,BATCHBISECT,-1,random_exponential,-1,1904,34.09484250605746,2889
rackerlabs-blueflood.csv,BATCHSTOP4,-1,random_exponential,-1,1497,48.18276220145379,2889
rackerlabs-blueflood.csv,BATCHDIVIDE4,-1,random_exponential,-1,1805,37.52163378331603,2889
xetorthio-jedis.csv,BATCHBISECT,-1,linear,2,1525,48.9454301975226,2987
xetorthio-jedis.csv,BATCHBISECT,-1,linear,3,1519,49.14630063608972,2987
xetorthio-jedis.csv,BATCHBISECT,-1,linear,4,1542,48.37629728824908,2987
xetorthio-jedis.csv,BATCHSTOP4,-1,linear,2,1168,60.89722129226649,2987
xetorthio-jedis.csv,BATCHSTOP4,-1,linear,3,1173,60.72982926012722,2987
xetorthio-jedis.csv,BATCHSTOP4,-1,linear,4,1194,60.02678272514228,2987
xetorthio-jedis.csv,BATCHDIVIDE4,-1,linear,2,1562,47.706729159691996,2987
xetorthio-jedis.csv,BATCHDIVIDE4,-1,linear,3,1523,49.012387010378305,2987
xetorthio-jedis.csv,BATCHDIVIDE4,-1,linear,4,1588,46.83629059256779,2987
xetorthio-jedis.csv,BATCHBISECT,-1,exponential,2,1526,48.911951791094744,2987
xetorthio-jedis.csv,BATCHBISECT,-1,exponential,3,1552,48.04151322397054,2987
xetorthio-jedis.csv,BATCHSTOP4,-1,exponential,2,1183,60.39504519584868,2987
xetorthio-jedis.csv,BATCHSTOP4,-1,exponential,3,1206,59.62504184800803,2987
xetorthio-jedis.csv,BATCHDIVIDE4,-1,exponential,2,1580,47.10411784399063,2987
xetorthio-jedis.csv,BATCHDIVIDE4,-1,exponential,3,1344,55.005021760964176,2987
xetorthio-jedis.csv,BATCHBISECT,-1,stagger,2,1498,49.849347171074655,2987
xetorthio-jedis.csv,BATCHBISECT,-1,stagger,3,1465,50.95413458319384,2987
xetorthio-jedis.csv,BATCHSTOP4,-1,stagger,2,1210,59.49112822229662,2987
xetorthio-jedis.csv,BATCHSTOP4,-1,stagger,3,1201,59.79243388014731,2987
xetorthio-jedis.csv,BATCHDIVIDE4,-1,stagger,2,1661,44.39236692333445,2987
xetorthio-jedis.csv,BATCHDIVIDE4,-1,stagger,3,1635,45.26280549045865,2987
xetorthio-jedis.csv,BATCHBISECT,-1,random_linear,-1,1467,50.887177770338134,2987
xetorthio-jedis.csv,BATCHSTOP4,-1,random_linear,-1,1182,60.428523602276535,2987
xetorthio-jedis.csv,BATCHDIVIDE4,-1,random_linear,-1,1660,44.4258453297623,2987
xetorthio-jedis.csv,BATCHBISECT,-1,random_exponential,-1,1515,49.28021426180114,2987
xetorthio-jedis.csv,BATCHSTOP4,-1,random_exponential,-1,1181,60.46200200870439,2987
xetorthio-jedis.csv,BATCHDIVIDE4,-1,random_exponential,-1,1446,51.59022430532307,2987
orbeon-orbeon-forms.csv,BATCHBISECT,-1,linear,2,2784,10.193548387096769,3100
orbeon-orbeon-forms.csv,BATCHBISECT,-1,linear,3,2749,11.322580645161295,3100
orbeon-orbeon-forms.csv,BATCHBISECT,-1,linear,4,2794,9.870967741935488,3100
orbeon-orbeon-forms.csv,BATCHSTOP4,-1,linear,2,2330,24.83870967741936,3100
orbeon-orbeon-forms.csv,BATCHSTOP4,-1,linear,3,2313,25.38709677419355,3100
orbeon-orbeon-forms.csv,BATCHSTOP4,-1,linear,4,2358,23.935483870967744,3100
orbeon-orbeon-forms.csv,BATCHDIVIDE4,-1,linear,2,2543,17.967741935483872,3100
orbeon-orbeon-forms.csv,BATCHDIVIDE4,-1,linear,3,2521,18.677419354838705,3100
orbeon-orbeon-forms.csv,BATCHDIVIDE4,-1,linear,4,2531,18.354838709677423,3100
orbeon-orbeon-forms.csv,BATCHBISECT,-1,exponential,2,2703,12.806451612903231,3100
orbeon-orbeon-forms.csv,BATCHBISECT,-1,exponential,3,2756,11.096774193548384,3100
orbeon-orbeon-forms.csv,BATCHSTOP4,-1,exponential,2,2299,25.83870967741936,3100
orbeon-orbeon-forms.csv,BATCHSTOP4,-1,exponential,3,2334,24.709677419354833,3100
orbeon-orbeon-forms.csv,BATCHDIVIDE4,-1,exponential,2,2536,18.19354838709677,3100
orbeon-orbeon-forms.csv,BATCHDIVIDE4,-1,exponential,3,2475,20.16129032258064,3100
orbeon-orbeon-forms.csv,BATCHBISECT,-1,stagger,2,2658,14.25806451612904,3100
orbeon-orbeon-forms.csv,BATCHBISECT,-1,stagger,3,2681,13.516129032258064,3100
orbeon-orbeon-forms.csv,BATCHSTOP4,-1,stagger,2,2320,25.16129032258064,3100
orbeon-orbeon-forms.csv,BATCHSTOP4,-1,stagger,3,2297,25.903225806451616,3100
orbeon-orbeon-forms.csv,BATCHDIVIDE4,-1,stagger,2,2564,17.290322580645167,3100
orbeon-orbeon-forms.csv,BATCHDIVIDE4,-1,stagger,3,2537,18.16129032258064,3100
orbeon-orbeon-forms.csv,BATCHBISECT,-1,random_linear,-1,2770,10.645161290322577,3100
orbeon-orbeon-forms.csv,BATCHSTOP4,-1,random_linear,-1,2307,25.58064516129032,3100
orbeon-orbeon-forms.csv,BATCHDIVIDE4,-1,random_linear,-1,2556,17.548387096774192,3100
orbeon-orbeon-forms.csv,BATCHBISECT,-1,random_exponential,-1,2822,8.967741935483872,3100
orbeon-orbeon-forms.csv,BATCHSTOP4,-1,random_exponential,-1,2368,23.61290322580645,3100
orbeon-orbeon-forms.csv,BATCHDIVIDE4,-1,random_exponential,-1,2548,17.80645161290323,3100
linkedin-gobblin.csv,BATCHBISECT,-1,linear,2,3046,9.155979719654042,3353
linkedin-gobblin.csv,BATCHBISECT,-1,linear,3,3050,9.036683566954963,3353
linkedin-gobblin.csv,BATCHBISECT,-1,linear,4,3041,9.305099910527886,3353
linkedin-gobblin.csv,BATCHSTOP4,-1,linear,2,2430,27.527587235311657,3353
linkedin-gobblin.csv,BATCHSTOP4,-1,linear,3,2446,27.050402624515357,3353
linkedin-gobblin.csv,BATCHSTOP4,-1,linear,4,2474,26.215329555621835,3353
linkedin-gobblin.csv,BATCHDIVIDE4,-1,linear,2,2807,16.283924843423804,3353
linkedin-gobblin.csv,BATCHDIVIDE4,-1,linear,3,2814,16.075156576200413,3353
linkedin-gobblin.csv,BATCHDIVIDE4,-1,linear,4,2811,16.164628690724726,3353
linkedin-gobblin.csv,BATCHBISECT,-1,exponential,2,3008,10.289293170295252,3353
linkedin-gobblin.csv,BATCHBISECT,-1,exponential,3,3120,6.949000894721152,3353
linkedin-gobblin.csv,BATCHSTOP4,-1,exponential,2,2377,29.108261258574416,3353
linkedin-gobblin.csv,BATCHSTOP4,-1,exponential,3,2473,26.2451535937966,3353
linkedin-gobblin.csv,BATCHDIVIDE4,-1,exponential,2,2769,17.417238294065015,3353
linkedin-gobblin.csv,BATCHDIVIDE4,-1,exponential,3,2721,18.848792126453915,3353
linkedin-gobblin.csv,BATCHBISECT,-1,stagger,2,2900,13.510289293170288,3353
linkedin-gobblin.csv,BATCHBISECT,-1,stagger,3,2899,13.540113331345069,3353
linkedin-gobblin.csv,BATCHSTOP4,-1,stagger,2,2433,27.43811512078736,3353
linkedin-gobblin.csv,BATCHSTOP4,-1,stagger,3,2424,27.706531464360268,3353
linkedin-gobblin.csv,BATCHDIVIDE4,-1,stagger,2,2855,14.85237101103489,3353
linkedin-gobblin.csv,BATCHDIVIDE4,-1,stagger,3,2766,17.506710408589328,3353
linkedin-gobblin.csv,BATCHBISECT,-1,random_linear,-1,2974,11.303310468237399,3353
linkedin-gobblin.csv,BATCHSTOP4,-1,random_linear,-1,2407,28.213540113331348,3353
linkedin-gobblin.csv,BATCHDIVIDE4,-1,random_linear,-1,2800,16.49269311064718,3353
linkedin-gobblin.csv,BATCHBISECT,-1,random_exponential,-1,3077,8.231434536236208,3353
linkedin-gobblin.csv,BATCHSTOP4,-1,random_exponential,-1,2481,26.006561288398444,3353
linkedin-gobblin.csv,BATCHDIVIDE4,-1,random_exponential,-1,2787,16.880405606919183,3353
JabRef-jabref.csv,BATCHBISECT,-1,linear,2,1620,51.175406871609404,3318
JabRef-jabref.csv,BATCHBISECT,-1,linear,3,1638,50.63291139240506,3318
JabRef-jabref.csv,BATCHBISECT,-1,linear,4,1676,49.48764315852924,3318
JabRef-jabref.csv,BATCHSTOP4,-1,linear,2,1298,60.880048221820374,3318
JabRef-jabref.csv,BATCHSTOP4,-1,linear,3,1303,60.7293550331525,3318
JabRef-jabref.csv,BATCHSTOP4,-1,linear,4,1339,59.64436407474382,3318
JabRef-jabref.csv,BATCHDIVIDE4,-1,linear,2,1698,48.824593128390596,3318
JabRef-jabref.csv,BATCHDIVIDE4,-1,linear,3,1664,49.84930681133213,3318
JabRef-jabref.csv,BATCHDIVIDE4,-1,linear,4,1729,47.89029535864979,3318
JabRef-jabref.csv,BATCHBISECT,-1,exponential,2,1608,51.53707052441229,3318
JabRef-jabref.csv,BATCHBISECT,-1,exponential,3,1655,50.1205545509343,3318
JabRef-jabref.csv,BATCHSTOP4,-1,exponential,2,1270,61.72393007836046,3318
JabRef-jabref.csv,BATCHSTOP4,-1,exponential,3,1324,60.09644364074744,3318
JabRef-jabref.csv,BATCHDIVIDE4,-1,exponential,2,1519,54.219409282700425,3318
JabRef-jabref.csv,BATCHDIVIDE4,-1,exponential,3,1526,54.0084388185654,3318
JabRef-jabref.csv,BATCHBISECT,-1,stagger,2,1584,52.260397830018086,3318
JabRef-jabref.csv,BATCHBISECT,-1,stagger,3,1579,52.41109101868596,3318
JabRef-jabref.csv,BATCHSTOP4,-1,stagger,2,1304,60.69921639541893,3318
JabRef-jabref.csv,BATCHSTOP4,-1,stagger,3,1278,61.482820976491865,3318
JabRef-jabref.csv,BATCHDIVIDE4,-1,stagger,2,1772,46.59433393610609,3318
JabRef-jabref.csv,BATCHDIVIDE4,-1,stagger,3,1722,48.10126582278481,3318
JabRef-jabref.csv,BATCHBISECT,-1,random_linear,-1,1650,50.27124773960217,3318
JabRef-jabref.csv,BATCHSTOP4,-1,random_linear,-1,1318,60.27727546714888,3318
JabRef-jabref.csv,BATCHDIVIDE4,-1,random_linear,-1,1725,48.01084990958409,3318
JabRef-jabref.csv,BATCHBISECT,-1,random_exponential,-1,1685,49.216395418927064,3318
JabRef-jabref.csv,BATCHSTOP4,-1,random_exponential,-1,1324,60.09644364074744,3318
JabRef-jabref.csv,BATCHDIVIDE4,-1,random_exponential,-1,1596,51.89873417721519,3318
jOOQ-jOOQ.csv,BATCHBISECT,-1,linear,2,2073,40.44814708417122,3481
jOOQ-jOOQ.csv,BATCHBISECT,-1,linear,3,2187,37.17322608445849,3481
jOOQ-jOOQ.csv,BATCHBISECT,-1,linear,4,2042,41.33869577707555,3481
jOOQ-jOOQ.csv,BATCHSTOP4,-1,linear,2,1651,52.571100258546394,3481
jOOQ-jOOQ.csv,BATCHSTOP4,-1,linear,3,1736,50.12927319735708,3481
jOOQ-jOOQ.csv,BATCHSTOP4,-1,linear,4,1634,53.059465670784256,3481
jOOQ-jOOQ.csv,BATCHDIVIDE4,-1,linear,2,2027,41.76960643493249,3481
jOOQ-jOOQ.csv,BATCHDIVIDE4,-1,linear,3,2003,42.45906348750359,3481
jOOQ-jOOQ.csv,BATCHDIVIDE4,-1,linear,4,2011,42.22924446997989,3481
jOOQ-jOOQ.csv,BATCHBISECT,-1,exponential,2,2035,41.53978741740879,3481
jOOQ-jOOQ.csv,BATCHBISECT,-1,exponential,3,2086,40.074691180695204,3481
jOOQ-jOOQ.csv,BATCHSTOP4,-1,exponential,2,1586,54.43837977592646,3481
jOOQ-jOOQ.csv,BATCHSTOP4,-1,exponential,3,1671,51.99655271473714,3481
jOOQ-jOOQ.csv,BATCHDIVIDE4,-1,exponential,2,1938,44.326343004883654,3481
jOOQ-jOOQ.csv,BATCHDIVIDE4,-1,exponential,3,1824,47.60126400459638,3481
jOOQ-jOOQ.csv,BATCHBISECT,-1,stagger,2,1909,45.159436943407066,3481
jOOQ-jOOQ.csv,BATCHBISECT,-1,stagger,3,1890,45.705257110025855,3481
jOOQ-jOOQ.csv,BATCHSTOP4,-1,stagger,2,1597,54.12237862683137,3481
jOOQ-jOOQ.csv,BATCHSTOP4,-1,stagger,3,1572,54.840563056592934,3481
jOOQ-jOOQ.csv,BATCHDIVIDE4,-1,stagger,2,2043,41.30996839988509,3481
jOOQ-jOOQ.csv,BATCHDIVIDE4,-1,stagger,3,2010,42.25797184717035,3481
jOOQ-jOOQ.csv,BATCHBISECT,-1,random_linear,-1,1969,43.435794311979315,3481
jOOQ-jOOQ.csv,BATCHSTOP4,-1,random_linear,-1,1618,53.51910370583166,3481
jOOQ-jOOQ.csv,BATCHDIVIDE4,-1,random_linear,-1,2073,40.44814708417122,3481
jOOQ-jOOQ.csv,BATCHBISECT,-1,random_exponential,-1,1994,42.71760988221775,3481
jOOQ-jOOQ.csv,BATCHSTOP4,-1,random_exponential,-1,1657,52.39873599540362,3481
jOOQ-jOOQ.csv,BATCHDIVIDE4,-1,random_exponential,-1,1953,43.89543234702672,3481
structr-structr.csv,BATCHBISECT,-1,linear,2,3483,2.2452989054167887,3563
structr-structr.csv,BATCHBISECT,-1,linear,3,3547,0.4490597810833634,3563
structr-structr.csv,BATCHBISECT,-1,linear,4,3546,0.4771260174010621,3563
structr-structr.csv,BATCHSTOP4,-1,linear,2,2814,21.021611001964644,3563
structr-structr.csv,BATCHSTOP4,-1,linear,3,2818,20.909346056693792,3563
structr-structr.csv,BATCHSTOP4,-1,linear,4,2871,19.42183553185518,3563
structr-structr.csv,BATCHDIVIDE4,-1,linear,2,3241,9.037328094302552,3563
structr-structr.csv,BATCHDIVIDE4,-1,linear,3,3161,11.28262699971934,3563
structr-structr.csv,BATCHDIVIDE4,-1,linear,4,3160,11.310693236037054,3563
structr-structr.csv,BATCHBISECT,-1,exponential,2,3460,2.890822340724114,3563
structr-structr.csv,BATCHBISECT,-1,exponential,3,3586,-0.6455234353073251,3563
structr-structr.csv,BATCHSTOP4,-1,exponential,2,2797,21.498737019365706,3563
structr-structr.csv,BATCHSTOP4,-1,exponential,3,2906,18.43951726073533,3563
structr-structr.csv,BATCHDIVIDE4,-1,exponential,2,3146,11.703620544484991,3563
structr-structr.csv,BATCHDIVIDE4,-1,exponential,3,3151,11.563289362896441,3563
structr-structr.csv,BATCHBISECT,-1,stagger,2,3263,8.41987089531294,3563
structr-structr.csv,BATCHBISECT,-1,stagger,3,3413,4.209935447656463,3563
structr-structr.csv,BATCHSTOP4,-1,stagger,2,2782,21.919730564131356,3563
structr-structr.csv,BATCHSTOP4,-1,stagger,3,2841,20.263822621386467,3563
structr-structr.csv,BATCHDIVIDE4,-1,stagger,2,3101,12.966601178781929,3563
structr-structr.csv,BATCHDIVIDE4,-1,stagger,3,3146,11.703620544484991,3563
structr-structr.csv,BATCHBISECT,-1,random_linear,-1,3481,2.3014313780522,3563
structr-structr.csv,BATCHSTOP4,-1,random_linear,-1,2839,20.319955094021893,3563
structr-structr.csv,BATCHDIVIDE4,-1,random_linear,-1,3162,11.254560763401628,3563
structr-structr.csv,BATCHBISECT,-1,random_exponential,-1,3587,-0.673589671625038,3563
structr-structr.csv,BATCHSTOP4,-1,random_exponential,-1,2890,18.888577041818692,3563
structr-structr.csv,BATCHDIVIDE4,-1,random_exponential,-1,3196,10.30030872859949,3563
floragunncom-search-guard.csv,BATCHBISECT,-1,linear,2,1527,60.61387670879546,3877
floragunncom-search-guard.csv,BATCHBISECT,-1,linear,3,1467,62.16146505029662,3877
floragunncom-search-guard.csv,BATCHBISECT,-1,linear,4,1456,62.44518957957183,3877
floragunncom-search-guard.csv,BATCHSTOP4,-1,linear,2,1119,71.13747743100336,3877
floragunncom-search-guard.csv,BATCHSTOP4,-1,linear,3,1138,70.64740778952799,3877
floragunncom-search-guard.csv,BATCHSTOP4,-1,linear,4,1147,70.41526953830281,3877
floragunncom-search-guard.csv,BATCHDIVIDE4,-1,linear,2,1620,58.215114779468664,3877
floragunncom-search-guard.csv,BATCHDIVIDE4,-1,linear,3,1649,57.4671137477431,3877
floragunncom-search-guard.csv,BATCHDIVIDE4,-1,linear,4,1666,57.02863038431777,3877
floragunncom-search-guard.csv,BATCHBISECT,-1,exponential,2,1438,62.909466082022185,3877
floragunncom-search-guard.csv,BATCHBISECT,-1,exponential,3,1458,62.39360330152179,3877
floragunncom-search-guard.csv,BATCHSTOP4,-1,exponential,2,1120,71.11168429197834,3877
floragunncom-search-guard.csv,BATCHSTOP4,-1,exponential,3,1140,70.59582151147795,3877
floragunncom-search-guard.csv,BATCHDIVIDE4,-1,exponential,2,1291,66.70105751870003,3877
floragunncom-search-guard.csv,BATCHDIVIDE4,-1,exponential,3,1275,67.11374774310033,3877
floragunncom-search-guard.csv,BATCHBISECT,-1,stagger,2,1493,61.49084343564612,3877
floragunncom-search-guard.csv,BATCHBISECT,-1,stagger,3,1454,62.49677585762187,3877
floragunncom-search-guard.csv,BATCHSTOP4,-1,stagger,2,1187,69.38354397730204,3877
floragunncom-search-guard.csv,BATCHSTOP4,-1,stagger,3,1187,69.38354397730204,3877
floragunncom-search-guard.csv,BATCHDIVIDE4,-1,stagger,2,1753,54.78462728914109,3877
floragunncom-search-guard.csv,BATCHDIVIDE4,-1,stagger,3,1864,51.92158885736394,3877
floragunncom-search-guard.csv,BATCHBISECT,-1,random_linear,-1,1484,61.72298168687129,3877
floragunncom-search-guard.csv,BATCHSTOP4,-1,random_linear,-1,1158,70.1315450090276,3877
floragunncom-search-guard.csv,BATCHDIVIDE4,-1,random_linear,-1,1749,54.88779984524117,3877
floragunncom-search-guard.csv,BATCHBISECT,-1,random_exponential,-1,1491,61.54242971369616,3877
floragunncom-search-guard.csv,BATCHSTOP4,-1,random_exponential,-1,1162,70.02837245292753,3877
floragunncom-search-guard.csv,BATCHDIVIDE4,-1,random_exponential,-1,1363,64.84395150889864,3877
SpongePowered-SpongeForge.csv,BATCHBISECT,-1,linear,2,2574,33.881325455946566,3893
SpongePowered-SpongeForge.csv,BATCHBISECT,-1,linear,3,2594,33.36758284099666,3893
SpongePowered-SpongeForge.csv,BATCHBISECT,-1,linear,4,2534,34.90881068584639,3893
SpongePowered-SpongeForge.csv,BATCHSTOP4,-1,linear,2,1937,50.24402774210121,3893
SpongePowered-SpongeForge.csv,BATCHSTOP4,-1,linear,3,1969,49.42203955818135,3893
SpongePowered-SpongeForge.csv,BATCHSTOP4,-1,linear,4,1961,49.627536604161314,3893
SpongePowered-SpongeForge.csv,BATCHDIVIDE4,-1,linear,2,2421,37.81145646031338,3893
SpongePowered-SpongeForge.csv,BATCHDIVIDE4,-1,linear,3,2398,38.402260467505776,3893
SpongePowered-SpongeForge.csv,BATCHDIVIDE4,-1,linear,4,2420,37.83714359106088,3893
SpongePowered-SpongeForge.csv,BATCHBISECT,-1,exponential,2,2391,38.58207038273825,3893
SpongePowered-SpongeForge.csv,BATCHBISECT,-1,exponential,3,2596,33.31620857950168,3893
SpongePowered-SpongeForge.csv,BATCHSTOP4,-1,exponential,2,1936,50.2697148728487,3893
SpongePowered-SpongeForge.csv,BATCHSTOP4,-1,exponential,3,2003,48.548677112766505,3893
SpongePowered-SpongeForge.csv,BATCHDIVIDE4,-1,exponential,2,2324,40.30310814282045,3893
SpongePowered-SpongeForge.csv,BATCHDIVIDE4,-1,exponential,3,2220,42.97456974055998,3893
SpongePowered-SpongeForge.csv,BATCHBISECT,-1,stagger,2,2406,38.196763421525816,3893
SpongePowered-SpongeForge.csv,BATCHBISECT,-1,stagger,3,2393,38.53069612124326,3893
SpongePowered-SpongeForge.csv,BATCHSTOP4,-1,stagger,2,1929,50.44952478808117,3893
SpongePowered-SpongeForge.csv,BATCHSTOP4,-1,stagger,3,1949,49.93578217313126,3893
SpongePowered-SpongeForge.csv,BATCHDIVIDE4,-1,stagger,2,2507,35.60236321602876,3893
SpongePowered-SpongeForge.csv,BATCHDIVIDE4,-1,stagger,3,2461,36.78397123041356,3893
SpongePowered-SpongeForge.csv,BATCHBISECT,-1,random_linear,-1,2451,37.040842537888516,3893
SpongePowered-SpongeForge.csv,BATCHSTOP4,-1,random_linear,-1,1927,50.50089904957616,3893
SpongePowered-SpongeForge.csv,BATCHDIVIDE4,-1,random_linear,-1,2456,36.91240688415104,3893
SpongePowered-SpongeForge.csv,BATCHBISECT,-1,random_exponential,-1,2520,35.26843051631133,3893
SpongePowered-SpongeForge.csv,BATCHSTOP4,-1,random_exponential,-1,2041,47.57256614436167,3893
SpongePowered-SpongeForge.csv,BATCHDIVIDE4,-1,random_exponential,-1,2308,40.71410223478038,3893
sakaiproject-sakai.csv,BATCHBISECT,-1,linear,2,1768,53.534822601839686,3805
sakaiproject-sakai.csv,BATCHBISECT,-1,linear,3,1718,54.84888304862024,3805
sakaiproject-sakai.csv,BATCHBISECT,-1,linear,4,1710,55.059132720105126,3805
sakaiproject-sakai.csv,BATCHSTOP4,-1,linear,2,1458,61.681997371879106,3805
sakaiproject-sakai.csv,BATCHSTOP4,-1,linear,3,1423,62.601839684625496,3805
sakaiproject-sakai.csv,BATCHSTOP4,-1,linear,4,1417,62.75952693823916,3805
sakaiproject-sakai.csv,BATCHDIVIDE4,-1,linear,2,1838,51.69513797634691,3805
sakaiproject-sakai.csv,BATCHDIVIDE4,-1,linear,3,1849,51.40604467805519,3805
sakaiproject-sakai.csv,BATCHDIVIDE4,-1,linear,4,1814,52.32588699080158,3805
sakaiproject-sakai.csv,BATCHBISECT,-1,exponential,2,1702,55.269382391590014,3805
sakaiproject-sakai.csv,BATCHBISECT,-1,exponential,3,1763,53.66622864651774,3805
sakaiproject-sakai.csv,BATCHSTOP4,-1,exponential,2,1412,62.890932982917214,3805
sakaiproject-sakai.csv,BATCHSTOP4,-1,exponential,3,1442,62.10249671484888,3805
sakaiproject-sakai.csv,BATCHDIVIDE4,-1,exponential,2,1828,51.957950065703024,3805
sakaiproject-sakai.csv,BATCHDIVIDE4,-1,exponential,3,1576,58.580814717477004,3805
sakaiproject-sakai.csv,BATCHBISECT,-1,stagger,2,1661,56.34691195795006,3805
sakaiproject-sakai.csv,BATCHBISECT,-1,stagger,3,1671,56.08409986859395,3805
sakaiproject-sakai.csv,BATCHSTOP4,-1,stagger,2,1385,63.600525624178715,3805
sakaiproject-sakai.csv,BATCHSTOP4,-1,stagger,3,1384,63.62680683311432,3805
sakaiproject-sakai.csv,BATCHDIVIDE4,-1,stagger,2,1878,50.64388961892247,3805
sakaiproject-sakai.csv,BATCHDIVIDE4,-1,stagger,3,1862,51.06438896189225,3805
sakaiproject-sakai.csv,BATCHBISECT,-1,random_linear,-1,1709,55.08541392904073,3805
sakaiproject-sakai.csv,BATCHSTOP4,-1,random_linear,-1,1423,62.601839684625496,3805
sakaiproject-sakai.csv,BATCHDIVIDE4,-1,random_linear,-1,1778,53.272010512483575,3805
sakaiproject-sakai.csv,BATCHBISECT,-1,random_exponential,-1,1738,54.32325886990802,3805
sakaiproject-sakai.csv,BATCHSTOP4,-1,random_exponential,-1,1432,62.36530880420499,3805
sakaiproject-sakai.csv,BATCHDIVIDE4,-1,random_exponential,-1,1582,58.42312746386334,3805
dreamhead-moco.csv,BATCHBISECT,-1,linear,2,2505,35.10362694300518,3860
dreamhead-moco.csv,BATCHBISECT,-1,linear,3,2458,36.32124352331606,3860
dreamhead-moco.csv,BATCHBISECT,-1,linear,4,2430,37.04663212435233,3860
dreamhead-moco.csv,BATCHSTOP4,-1,linear,2,2135,44.689119170984455,3860
dreamhead-moco.csv,BATCHSTOP4,-1,linear,3,2098,45.64766839378238,3860
dreamhead-moco.csv,BATCHSTOP4,-1,linear,4,2075,46.24352331606217,3860
dreamhead-moco.csv,BATCHDIVIDE4,-1,linear,2,2519,34.74093264248705,3860
dreamhead-moco.csv,BATCHDIVIDE4,-1,linear,3,2478,35.80310880829016,3860
dreamhead-moco.csv,BATCHDIVIDE4,-1,linear,4,2496,35.33678756476684,3860
dreamhead-moco.csv,BATCHBISECT,-1,exponential,2,2479,35.777202072538856,3860
dreamhead-moco.csv,BATCHBISECT,-1,exponential,3,2534,34.35233160621762,3860
dreamhead-moco.csv,BATCHSTOP4,-1,exponential,2,2094,45.751295336787564,3860
dreamhead-moco.csv,BATCHSTOP4,-1,exponential,3,2135,44.689119170984455,3860
dreamhead-moco.csv,BATCHDIVIDE4,-1,exponential,2,2524,34.611398963730565,3860
dreamhead-moco.csv,BATCHDIVIDE4,-1,exponential,3,2311,40.129533678756474,3860
dreamhead-moco.csv,BATCHBISECT,-1,stagger,2,2363,38.78238341968912,3860
dreamhead-moco.csv,BATCHBISECT,-1,stagger,3,2391,38.056994818652846,3860
dreamhead-moco.csv,BATCHSTOP4,-1,stagger,2,2071,46.347150259067355,3860
dreamhead-moco.csv,BATCHSTOP4,-1,stagger,3,2087,45.932642487046635,3860
dreamhead-moco.csv,BATCHDIVIDE4,-1,stagger,2,2537,34.27461139896373,3860
dreamhead-moco.csv,BATCHDIVIDE4,-1,stagger,3,2497,35.310880829015545,3860
dreamhead-moco.csv,BATCHBISECT,-1,random_linear,-1,2385,38.21243523316062,3860
dreamhead-moco.csv,BATCHSTOP4,-1,random_linear,-1,2093,45.77720207253886,3860
dreamhead-moco.csv,BATCHDIVIDE4,-1,random_linear,-1,2523,34.63730569948187,3860
dreamhead-moco.csv,BATCHBISECT,-1,random_exponential,-1,2488,35.5440414507772,3860
dreamhead-moco.csv,BATCHSTOP4,-1,random_exponential,-1,2080,46.1139896373057,3860
dreamhead-moco.csv,BATCHDIVIDE4,-1,random_exponential,-1,2420,37.30569948186528,3860
nutzam-nutz.csv,BATCHBISECT,-1,linear,2,3568,13.48205625606208,4124
nutzam-nutz.csv,BATCHBISECT,-1,linear,3,3490,15.37342386032978,4124
nutzam-nutz.csv,BATCHBISECT,-1,linear,4,3495,15.252182347235689,4124
nutzam-nutz.csv,BATCHSTOP4,-1,linear,2,2829,31.401551891367603,4124
nutzam-nutz.csv,BATCHSTOP4,-1,linear,3,2873,30.33462657613967,4124
nutzam-nutz.csv,BATCHSTOP4,-1,linear,4,2881,30.140640155189132,4124
nutzam-nutz.csv,BATCHDIVIDE4,-1,linear,2,3259,20.974781765276433,4124
nutzam-nutz.csv,BATCHDIVIDE4,-1,linear,3,3264,20.85354025218234,4124
nutzam-nutz.csv,BATCHDIVIDE4,-1,linear,4,3286,20.320077594568374,4124
nutzam-nutz.csv,BATCHBISECT,-1,exponential,2,3488,15.42192046556741,4124
nutzam-nutz.csv,BATCHBISECT,-1,exponential,3,3572,13.385063045586804,4124
nutzam-nutz.csv,BATCHSTOP4,-1,exponential,2,2781,32.5654704170708,4124
nutzam-nutz.csv,BATCHSTOP4,-1,exponential,3,2908,29.485935984481088,4124
nutzam-nutz.csv,BATCHDIVIDE4,-1,exponential,2,3217,21.993210475266736,4124
nutzam-nutz.csv,BATCHDIVIDE4,-1,exponential,3,3138,23.90882638215325,4124
nutzam-nutz.csv,BATCHBISECT,-1,stagger,2,3398,17.60426770126091,4124
nutzam-nutz.csv,BATCHBISECT,-1,stagger,3,3430,16.828322017458774,4124
nutzam-nutz.csv,BATCHSTOP4,-1,stagger,2,2862,30.601357904946653,4124
nutzam-nutz.csv,BATCHSTOP4,-1,stagger,3,2908,29.485935984481088,4124
nutzam-nutz.csv,BATCHDIVIDE4,-1,stagger,2,3343,18.937924345295826,4124
nutzam-nutz.csv,BATCHDIVIDE4,-1,stagger,3,3338,19.059165858389918,4124
nutzam-nutz.csv,BATCHBISECT,-1,random_linear,-1,3436,16.68283220174588,4124
nutzam-nutz.csv,BATCHSTOP4,-1,random_linear,-1,2859,30.6741028128031,4124
nutzam-nutz.csv,BATCHDIVIDE4,-1,random_linear,-1,3359,18.549951503394766,4124
nutzam-nutz.csv,BATCHBISECT,-1,random_exponential,-1,3585,13.06983511154219,4124
nutzam-nutz.csv,BATCHSTOP4,-1,random_exponential,-1,2908,29.485935984481088,4124
nutzam-nutz.csv,BATCHDIVIDE4,-1,random_exponential,-1,3231,21.653734238603292,4124
CloudSlang-cloud-slang.csv,BATCHBISECT,-1,linear,2,2590,41.042567721374915,4393
CloudSlang-cloud-slang.csv,BATCHBISECT,-1,linear,3,2631,40.10926473935807,4393
CloudSlang-cloud-slang.csv,BATCHBISECT,-1,linear,4,2620,40.35966310038698,4393
CloudSlang-cloud-slang.csv,BATCHSTOP4,-1,linear,2,2062,53.061689050762574,4393
CloudSlang-cloud-slang.csv,BATCHSTOP4,-1,linear,3,2083,52.58365581607102,4393
CloudSlang-cloud-slang.csv,BATCHSTOP4,-1,linear,4,2092,52.37878442977464,4393
CloudSlang-cloud-slang.csv,BATCHDIVIDE4,-1,linear,2,2542,42.135215114955614,4393
CloudSlang-cloud-slang.csv,BATCHDIVIDE4,-1,linear,3,2568,41.543364443432736,4393
CloudSlang-cloud-slang.csv,BATCHDIVIDE4,-1,linear,4,2604,40.723878898247214,4393
CloudSlang-cloud-slang.csv,BATCHBISECT,-1,exponential,2,2464,43.910767129524245,4393
CloudSlang-cloud-slang.csv,BATCHBISECT,-1,exponential,3,2616,40.45071704985204,4393
CloudSlang-cloud-slang.csv,BATCHSTOP4,-1,exponential,2,1977,54.99658547689506,4393
CloudSlang-cloud-slang.csv,BATCHSTOP4,-1,exponential,3,2077,52.72023674026861,4393
CloudSlang-cloud-slang.csv,BATCHDIVIDE4,-1,exponential,2,2477,43.61484179376281,4393
CloudSlang-cloud-slang.csv,BATCHDIVIDE4,-1,exponential,3,2347,46.57409515137719,4393
CloudSlang-cloud-slang.csv,BATCHBISECT,-1,stagger,2,2547,42.02139767812429,4393
CloudSlang-cloud-slang.csv,BATCHBISECT,-1,stagger,3,2541,42.157978602321876,4393
CloudSlang-cloud-slang.csv,BATCHSTOP4,-1,stagger,2,2062,53.061689050762574,4393
CloudSlang-cloud-slang.csv,BATCHSTOP4,-1,stagger,3,2035,53.67630320965172,4393
CloudSlang-cloud-slang.csv,BATCHDIVIDE4,-1,stagger,2,2706,38.40200318688823,4393
CloudSlang-cloud-slang.csv,BATCHDIVIDE4,-1,stagger,3,2610,40.587297974049626,4393
CloudSlang-cloud-slang.csv,BATCHBISECT,-1,random_linear,-1,2615,40.4734805372183,4393
CloudSlang-cloud-slang.csv,BATCHSTOP4,-1,random_linear,-1,2027,53.858411108581834,4393
CloudSlang-cloud-slang.csv,BATCHDIVIDE4,-1,random_linear,-1,2610,40.587297974049626,4393
CloudSlang-cloud-slang.csv,BATCHBISECT,-1,random_exponential,-1,2627,40.20031868882313,4393
CloudSlang-cloud-slang.csv,BATCHSTOP4,-1,random_exponential,-1,2153,50.9902117004325,4393
CloudSlang-cloud-slang.csv,BATCHDIVIDE4,-1,random_exponential,-1,2488,43.36444343273389,4393
geotools-geotools.csv,BATCHBISECT,-1,linear,2,3968,25.734606026576827,5343
geotools-geotools.csv,BATCHBISECT,-1,linear,3,3886,27.269324349616326,5343
geotools-geotools.csv,BATCHBISECT,-1,linear,4,3920,26.632977727868237,5343
geotools-geotools.csv,BATCHSTOP4,-1,linear,2,3459,35.26108927568782,5343
geotools-geotools.csv,BATCHSTOP4,-1,linear,3,3402,36.32790567097136,5343
geotools-geotools.csv,BATCHSTOP4,-1,linear,4,3441,35.597978663672095,5343
geotools-geotools.csv,BATCHDIVIDE4,-1,linear,2,3912,26.78270634475014,5343
geotools-geotools.csv,BATCHDIVIDE4,-1,linear,3,3837,28.186412128017963,5343
geotools-geotools.csv,BATCHDIVIDE4,-1,linear,4,3888,27.231892195395844,5343
geotools-geotools.csv,BATCHBISECT,-1,exponential,2,3790,29.066067752199146,5343
geotools-geotools.csv,BATCHBISECT,-1,exponential,3,3930,26.445816956765867,5343
geotools-geotools.csv,BATCHSTOP4,-1,exponential,2,3329,37.69417930001872,5343
geotools-geotools.csv,BATCHSTOP4,-1,exponential,3,3428,35.84128766610519,5343
geotools-geotools.csv,BATCHDIVIDE4,-1,exponential,2,3808,28.72917836421486,5343
geotools-geotools.csv,BATCHDIVIDE4,-1,exponential,3,3628,32.09807224405765,5343
geotools-geotools.csv,BATCHBISECT,-1,stagger,2,3816,28.57944974733296,5343
geotools-geotools.csv,BATCHBISECT,-1,stagger,3,3829,28.336140744899865,5343
geotools-geotools.csv,BATCHSTOP4,-1,stagger,2,3424,35.91615197454614,5343
geotools-geotools.csv,BATCHSTOP4,-1,stagger,3,3421,35.97230020587685,5343
geotools-geotools.csv,BATCHDIVIDE4,-1,stagger,2,3935,26.352236571214675,5343
geotools-geotools.csv,BATCHDIVIDE4,-1,stagger,3,3907,26.87628673030133,5343
geotools-geotools.csv,BATCHBISECT,-1,random_linear,-1,3855,27.84952274003369,5343
geotools-geotools.csv,BATCHSTOP4,-1,random_linear,-1,3423,35.934868051656366,5343
geotools-geotools.csv,BATCHDIVIDE4,-1,random_linear,-1,3928,26.483249110986335,5343
geotools-geotools.csv,BATCHBISECT,-1,random_exponential,-1,3924,26.558113419427286,5343
geotools-geotools.csv,BATCHSTOP4,-1,random_exponential,-1,3488,34.718323039490926,5343
geotools-geotools.csv,BATCHDIVIDE4,-1,random_exponential,-1,3766,29.515253602844837,5343
CloudifySource-cloudify.csv,BATCHBISECT,-1,linear,2,4076,26.86165440516777,5573
CloudifySource-cloudify.csv,BATCHBISECT,-1,linear,3,3976,28.656020096895745,5573
CloudifySource-cloudify.csv,BATCHBISECT,-1,linear,4,4020,27.866499192535443,5573
CloudifySource-cloudify.csv,BATCHSTOP4,-1,linear,2,3281,41.12686165440517,5573
CloudifySource-cloudify.csv,BATCHSTOP4,-1,linear,3,3218,42.25731204019379,5573
CloudifySource-cloudify.csv,BATCHSTOP4,-1,linear,4,3276,41.216579938991565,5573
CloudifySource-cloudify.csv,BATCHDIVIDE4,-1,linear,2,3821,31.43728691907411,5573
CloudifySource-cloudify.csv,BATCHDIVIDE4,-1,linear,3,3695,33.69818769065135,5573
CloudifySource-cloudify.csv,BATCHDIVIDE4,-1,linear,4,3715,33.339314552305765,5573
CloudifySource-cloudify.csv,BATCHBISECT,-1,exponential,2,3868,30.593935043961963,5573
CloudifySource-cloudify.csv,BATCHBISECT,-1,exponential,3,4079,26.807823434415937,5573
CloudifySource-cloudify.csv,BATCHSTOP4,-1,exponential,2,3181,42.92122734613314,5573
CloudifySource-cloudify.csv,BATCHSTOP4,-1,exponential,3,3303,40.73210120222501,5573
CloudifySource-cloudify.csv,BATCHDIVIDE4,-1,exponential,2,3680,33.967342544410556,5573
CloudifySource-cloudify.csv,BATCHDIVIDE4,-1,exponential,3,3533,36.60506011125067,5573
CloudifySource-cloudify.csv,BATCHBISECT,-1,stagger,2,3745,32.80100484478737,5573
CloudifySource-cloudify.csv,BATCHBISECT,-1,stagger,3,3823,31.401399605239547,5573
CloudifySource-cloudify.csv,BATCHSTOP4,-1,stagger,2,3178,42.97505831688498,5573
CloudifySource-cloudify.csv,BATCHSTOP4,-1,stagger,3,3210,42.40086129553203,5573
CloudifySource-cloudify.csv,BATCHDIVIDE4,-1,stagger,2,3770,32.352413421855374,5573
CloudifySource-cloudify.csv,BATCHDIVIDE4,-1,stagger,3,3725,33.15987798313296,5573
CloudifySource-cloudify.csv,BATCHBISECT,-1,random_linear,-1,3838,31.132244751480357,5573
CloudifySource-cloudify.csv,BATCHSTOP4,-1,random_linear,-1,3169,43.1365512291405,5573
CloudifySource-cloudify.csv,BATCHDIVIDE4,-1,random_linear,-1,3757,32.585680961780014,5573
CloudifySource-cloudify.csv,BATCHBISECT,-1,random_exponential,-1,4015,27.95621747712184,5573
CloudifySource-cloudify.csv,BATCHSTOP4,-1,random_exponential,-1,3334,40.17584783778934,5573
CloudifySource-cloudify.csv,BATCHDIVIDE4,-1,random_exponential,-1,3551,36.282074286739636,5573
SpongePowered-SpongeCommon.csv,BATCHBISECT,-1,linear,2,3663,34.94938732019179,5631
SpongePowered-SpongeCommon.csv,BATCHBISECT,-1,linear,3,3651,35.16249334043687,5631
SpongePowered-SpongeCommon.csv,BATCHBISECT,-1,linear,4,3560,36.77854732729533,5631
SpongePowered-SpongeCommon.csv,BATCHSTOP4,-1,linear,2,2874,48.961108151305275,5631
SpongePowered-SpongeCommon.csv,BATCHSTOP4,-1,linear,3,2875,48.94334931628485,5631
SpongePowered-SpongeCommon.csv,BATCHSTOP4,-1,linear,4,2812,50.06215592257148,5631
SpongePowered-SpongeCommon.csv,BATCHDIVIDE4,-1,linear,2,3540,37.133724027703785,5631
SpongePowered-SpongeCommon.csv,BATCHDIVIDE4,-1,linear,3,3514,37.595453738234774,5631
SpongePowered-SpongeCommon.csv,BATCHDIVIDE4,-1,linear,4,3444,38.838572189664355,5631
SpongePowered-SpongeCommon.csv,BATCHBISECT,-1,exponential,2,3644,35.28680518557982,5631
SpongePowered-SpongeCommon.csv,BATCHBISECT,-1,exponential,3,3616,35.78405256615166,5631
SpongePowered-SpongeCommon.csv,BATCHSTOP4,-1,exponential,2,2857,49.26300834665246,5631
SpongePowered-SpongeCommon.csv,BATCHSTOP4,-1,exponential,3,2880,48.854555141182736,5631
SpongePowered-SpongeCommon.csv,BATCHDIVIDE4,-1,exponential,2,3492,37.98614810868407,5631
SpongePowered-SpongeCommon.csv,BATCHDIVIDE4,-1,exponential,3,3162,43.846563665423545,5631
SpongePowered-SpongeCommon.csv,BATCHBISECT,-1,stagger,2,3517,37.542177233173504,5631
SpongePowered-SpongeCommon.csv,BATCHBISECT,-1,stagger,3,3459,38.57218966435802,5631
SpongePowered-SpongeCommon.csv,BATCHSTOP4,-1,stagger,2,2836,49.635943882081335,5631
SpongePowered-SpongeCommon.csv,BATCHSTOP4,-1,stagger,3,2853,49.33404368673415,5631
SpongePowered-SpongeCommon.csv,BATCHDIVIDE4,-1,stagger,2,3623,35.6597407210087,5631
SpongePowered-SpongeCommon.csv,BATCHDIVIDE4,-1,stagger,3,3562,36.74302965725448,5631
SpongePowered-SpongeCommon.csv,BATCHBISECT,-1,random_linear,-1,3559,36.79630616231575,5631
SpongePowered-SpongeCommon.csv,BATCHSTOP4,-1,random_linear,-1,2834,49.67146155212218,5631
SpongePowered-SpongeCommon.csv,BATCHDIVIDE4,-1,random_linear,-1,3572,36.56544130705026,5631
SpongePowered-SpongeCommon.csv,BATCHBISECT,-1,random_exponential,-1,3581,36.405611791866455,5631
SpongePowered-SpongeCommon.csv,BATCHSTOP4,-1,random_exponential,-1,2910,48.32179009057006,5631
SpongePowered-SpongeCommon.csv,BATCHDIVIDE4,-1,random_exponential,-1,3322,41.00515006215592,5631
apache-zeppelin.csv,BATCHBISECT,-1,linear,2,4976,1.6017401621514722,5057
apache-zeppelin.csv,BATCHBISECT,-1,linear,3,4922,2.669566936919125,5057
apache-zeppelin.csv,BATCHBISECT,-1,linear,4,5003,1.0678267747676529,5057
apache-zeppelin.csv,BATCHSTOP4,-1,linear,2,4063,19.655922483685984,5057
apache-zeppelin.csv,BATCHSTOP4,-1,linear,3,4031,20.288708720585333,5057
apache-zeppelin.csv,BATCHSTOP4,-1,linear,4,4121,18.508997429305907,5057
apache-zeppelin.csv,BATCHDIVIDE4,-1,linear,2,4601,9.017203875815696,5057
apache-zeppelin.csv,BATCHDIVIDE4,-1,linear,3,4491,11.192406565157214,5057
apache-zeppelin.csv,BATCHDIVIDE4,-1,linear,4,4621,8.621712477753604,5057
apache-zeppelin.csv,BATCHBISECT,-1,exponential,2,4958,1.9576824204073517,5057
apache-zeppelin.csv,BATCHBISECT,-1,exponential,3,5082,-0.49436424757762154,5057
apache-zeppelin.csv,BATCHSTOP4,-1,exponential,2,4020,20.50622898951947,5057
apache-zeppelin.csv,BATCHSTOP4,-1,exponential,3,4169,17.55981807395689,5057
apache-zeppelin.csv,BATCHDIVIDE4,-1,exponential,2,4523,10.559620328257864,5057
apache-zeppelin.csv,BATCHDIVIDE4,-1,exponential,3,4443,12.14158592050623,5057
apache-zeppelin.csv,BATCHBISECT,-1,stagger,2,4546,10.104805220486455,5057
apache-zeppelin.csv,BATCHBISECT,-1,stagger,3,4626,8.522839628238088,5057
apache-zeppelin.csv,BATCHSTOP4,-1,stagger,2,4010,20.70397468855053,5057
apache-zeppelin.csv,BATCHSTOP4,-1,stagger,3,4038,20.15028673126359,5057
apache-zeppelin.csv,BATCHDIVIDE4,-1,stagger,2,4551,10.005932370970925,5057
apache-zeppelin.csv,BATCHDIVIDE4,-1,stagger,3,4446,12.082262210796912,5057
apache-zeppelin.csv,BATCHBISECT,-1,random_linear,-1,4770,5.675301562191024,5057
apache-zeppelin.csv,BATCHSTOP4,-1,random_linear,-1,3995,21.000593237097092,5057
apache-zeppelin.csv,BATCHDIVIDE4,-1,random_linear,-1,4528,10.460747478742334,5057
apache-zeppelin.csv,BATCHBISECT,-1,random_exponential,-1,4898,3.1441566145936264,5057
apache-zeppelin.csv,BATCHSTOP4,-1,random_exponential,-1,4119,18.54854656911212,5057
apache-zeppelin.csv,BATCHDIVIDE4,-1,random_exponential,-1,4501,10.994660866126168,5057
typetools-checker-framework.csv,BATCHBISECT,-1,linear,2,4303,19.040451552210726,5315
typetools-checker-framework.csv,BATCHBISECT,-1,linear,3,4206,20.865475070555036,5315
typetools-checker-framework.csv,BATCHBISECT,-1,linear,4,4185,21.26058325493885,5315
typetools-checker-framework.csv,BATCHSTOP4,-1,linear,2,3553,33.151458137347134,5315
typetools-checker-framework.csv,BATCHSTOP4,-1,linear,3,3524,33.697083725305745,5315
typetools-checker-framework.csv,BATCHSTOP4,-1,linear,4,3540,33.39604891815617,5315
typetools-checker-framework.csv,BATCHDIVIDE4,-1,linear,2,4126,22.37064910630292,5315
typetools-checker-framework.csv,BATCHDIVIDE4,-1,linear,3,3998,24.778927563499536,5315
typetools-checker-framework.csv,BATCHDIVIDE4,-1,linear,4,4044,23.9134524929445,5315
typetools-checker-framework.csv,BATCHBISECT,-1,exponential,2,4227,20.47036688617122,5315
typetools-checker-framework.csv,BATCHBISECT,-1,exponential,3,4348,18.193791157102538,5315
typetools-checker-framework.csv,BATCHSTOP4,-1,exponential,2,3467,34.769520225776105,5315
typetools-checker-framework.csv,BATCHSTOP4,-1,exponential,3,3606,32.154280338664165,5315
typetools-checker-framework.csv,BATCHDIVIDE4,-1,exponential,2,3916,26.321730950141117,5315
typetools-checker-framework.csv,BATCHDIVIDE4,-1,exponential,3,3871,27.16839134524929,5315
typetools-checker-framework.csv,BATCHBISECT,-1,stagger,2,3931,26.039510818438387,5315
typetools-checker-framework.csv,BATCHBISECT,-1,stagger,3,4015,24.459078080903097,5315
typetools-checker-framework.csv,BATCHSTOP4,-1,stagger,2,3466,34.78833490122295,5315
typetools-checker-framework.csv,BATCHSTOP4,-1,stagger,3,3519,33.791157102539984,5315
typetools-checker-framework.csv,BATCHDIVIDE4,-1,stagger,2,4023,24.308560677328316,5315
typetools-checker-framework.csv,BATCHDIVIDE4,-1,stagger,3,4023,24.308560677328316,5315
typetools-checker-framework.csv,BATCHBISECT,-1,random_linear,-1,4104,22.784571966133583,5315
typetools-checker-framework.csv,BATCHSTOP4,-1,random_linear,-1,3486,34.412041392285985,5315
typetools-checker-framework.csv,BATCHDIVIDE4,-1,random_linear,-1,4015,24.459078080903097,5315
typetools-checker-framework.csv,BATCHBISECT,-1,random_exponential,-1,4195,21.07243650047036,5315
typetools-checker-framework.csv,BATCHSTOP4,-1,random_exponential,-1,3577,32.69990592662276,5315
typetools-checker-framework.csv,BATCHDIVIDE4,-1,random_exponential,-1,3930,26.058325493885235,5315
geoserver-geoserver.csv,BATCHBISECT,-1,linear,2,5928,7.4473067915690905,6405
geoserver-geoserver.csv,BATCHBISECT,-1,linear,3,6002,6.291959406713502,6405
geoserver-geoserver.csv,BATCHBISECT,-1,linear,4,6050,5.542544886807178,6405
geoserver-geoserver.csv,BATCHSTOP4,-1,linear,2,4908,23.37236533957845,6405
geoserver-geoserver.csv,BATCHSTOP4,-1,linear,3,4949,22.732240437158467,6405
geoserver-geoserver.csv,BATCHSTOP4,-1,linear,4,5056,21.06167056986729,6405
geoserver-geoserver.csv,BATCHDIVIDE4,-1,linear,2,5521,13.801717408274783,6405
geoserver-geoserver.csv,BATCHDIVIDE4,-1,linear,3,5480,14.441842310694767,6405
geoserver-geoserver.csv,BATCHDIVIDE4,-1,linear,4,5541,13.489461358313818,6405
geoserver-geoserver.csv,BATCHBISECT,-1,exponential,2,5864,8.44652615144419,6405
geoserver-geoserver.csv,BATCHBISECT,-1,exponential,3,6093,4.871194379391099,6405
geoserver-geoserver.csv,BATCHSTOP4,-1,exponential,2,4824,24.683840749414514,6405
geoserver-geoserver.csv,BATCHSTOP4,-1,exponential,3,5030,21.467603434816553,6405
geoserver-geoserver.csv,BATCHDIVIDE4,-1,exponential,2,5383,15.95628415300547,6405
geoserver-geoserver.csv,BATCHDIVIDE4,-1,exponential,3,5414,15.47228727556596,6405
geoserver-geoserver.csv,BATCHBISECT,-1,stagger,2,5747,10.273224043715842,6405
geoserver-geoserver.csv,BATCHBISECT,-1,stagger,3,5903,7.8376268540203,6405
geoserver-geoserver.csv,BATCHSTOP4,-1,stagger,2,4930,23.02888368462139,6405
geoserver-geoserver.csv,BATCHSTOP4,-1,stagger,3,4991,22.076502732240442,6405
geoserver-geoserver.csv,BATCHDIVIDE4,-1,stagger,2,5567,13.083528493364554,6405
geoserver-geoserver.csv,BATCHDIVIDE4,-1,stagger,3,5584,12.818110850897739,6405
geoserver-geoserver.csv,BATCHBISECT,-1,random_linear,-1,5956,7.010148321623731,6405
geoserver-geoserver.csv,BATCHSTOP4,-1,random_linear,-1,5005,21.857923497267763,6405
geoserver-geoserver.csv,BATCHDIVIDE4,-1,random_linear,-1,5523,13.770491803278688,6405
geoserver-geoserver.csv,BATCHBISECT,-1,random_exponential,-1,6116,4.5120999219359845,6405
geoserver-geoserver.csv,BATCHSTOP4,-1,random_exponential,-1,5055,21.077283372365343,6405
geoserver-geoserver.csv,BATCHDIVIDE4,-1,random_exponential,-1,5464,14.691647150663542,6405
ngageoint-geowave.csv,BATCHBISECT,-1,linear,2,4057,35.025624599615625,6244
ngageoint-geowave.csv,BATCHBISECT,-1,linear,3,4035,35.377962844330554,6244
ngageoint-geowave.csv,BATCHBISECT,-1,linear,4,3899,37.55605381165919,6244
ngageoint-geowave.csv,BATCHSTOP4,-1,linear,2,3047,51.2011531069827,6244
ngageoint-geowave.csv,BATCHSTOP4,-1,linear,3,3044,51.24919923126201,6244
ngageoint-geowave.csv,BATCHSTOP4,-1,linear,4,3007,51.84176809737348,6244
ngageoint-geowave.csv,BATCHDIVIDE4,-1,linear,2,3889,37.71620755925689,6244
ngageoint-geowave.csv,BATCHDIVIDE4,-1,linear,3,3855,38.26073030108905,6244
ngageoint-geowave.csv,BATCHDIVIDE4,-1,linear,4,3818,38.85329916720051,6244
ngageoint-geowave.csv,BATCHBISECT,-1,exponential,2,3931,37.04356181934657,6244
ngageoint-geowave.csv,BATCHBISECT,-1,exponential,3,3984,36.1947469570788,6244
ngageoint-geowave.csv,BATCHSTOP4,-1,exponential,2,2970,52.434336963484945,6244
ngageoint-geowave.csv,BATCHSTOP4,-1,exponential,3,3082,50.64061499039077,6244
ngageoint-geowave.csv,BATCHDIVIDE4,-1,exponential,2,3834,38.5970531710442,6244
ngageoint-geowave.csv,BATCHDIVIDE4,-1,exponential,3,3437,44.955156950672645,6244
ngageoint-geowave.csv,BATCHBISECT,-1,stagger,2,3650,41.543882126841766,6244
ngageoint-geowave.csv,BATCHBISECT,-1,stagger,3,3691,40.887251761691225,6244
ngageoint-geowave.csv,BATCHSTOP4,-1,stagger,2,2977,52.32222934016656,6244
ngageoint-geowave.csv,BATCHSTOP4,-1,stagger,3,3049,51.169122357463166,6244
ngageoint-geowave.csv,BATCHDIVIDE4,-1,stagger,2,3892,37.66816143497758,6244
ngageoint-geowave.csv,BATCHDIVIDE4,-1,stagger,3,3939,36.91543882126842,6244
ngageoint-geowave.csv,BATCHBISECT,-1,random_linear,-1,3802,39.10954516335682,6244
ngageoint-geowave.csv,BATCHSTOP4,-1,random_linear,-1,3015,51.71364509929532,6244
ngageoint-geowave.csv,BATCHDIVIDE4,-1,random_linear,-1,3932,37.027546444586804,6244
ngageoint-geowave.csv,BATCHBISECT,-1,random_exponential,-1,3884,37.79628443305573,6244
ngageoint-geowave.csv,BATCHSTOP4,-1,random_exponential,-1,3073,50.7847533632287,6244
ngageoint-geowave.csv,BATCHDIVIDE4,-1,random_exponential,-1,3612,42.152466367713004,6244
sparklemotion-nokogiri.csv,BATCHBISECT,-1,linear,2,3349,36.075586944073294,5239
sparklemotion-nokogiri.csv,BATCHBISECT,-1,linear,3,3140,40.06489788127505,5239
sparklemotion-nokogiri.csv,BATCHBISECT,-1,linear,4,3105,40.7329643061653,5239
sparklemotion-nokogiri.csv,BATCHSTOP4,-1,linear,2,2622,49.952280969650694,5239
sparklemotion-nokogiri.csv,BATCHSTOP4,-1,linear,3,2574,50.86848635235732,5239
sparklemotion-nokogiri.csv,BATCHSTOP4,-1,linear,4,2589,50.5821721702615,5239
sparklemotion-nokogiri.csv,BATCHDIVIDE4,-1,linear,2,3269,37.602595915251,5239
sparklemotion-nokogiri.csv,BATCHDIVIDE4,-1,linear,3,3199,38.93872876503149,5239
sparklemotion-nokogiri.csv,BATCHDIVIDE4,-1,linear,4,3211,38.70967741935484,5239
sparklemotion-nokogiri.csv,BATCHBISECT,-1,exponential,2,3019,42.374498950181334,5239
sparklemotion-nokogiri.csv,BATCHBISECT,-1,exponential,3,2983,43.0616529872113,5239
sparklemotion-nokogiri.csv,BATCHSTOP4,-1,exponential,2,2513,52.03283069288032,5239
sparklemotion-nokogiri.csv,BATCHSTOP4,-1,exponential,3,2506,52.16644397785837,5239
sparklemotion-nokogiri.csv,BATCHDIVIDE4,-1,exponential,2,3177,39.35865623210536,5239
sparklemotion-nokogiri.csv,BATCHDIVIDE4,-1,exponential,3,2716,48.15804542851689,5239
sparklemotion-nokogiri.csv,BATCHBISECT,-1,stagger,2,2776,47.01278870013361,5239
sparklemotion-nokogiri.csv,BATCHBISECT,-1,stagger,3,2749,47.528154227906086,5239
sparklemotion-nokogiri.csv,BATCHSTOP4,-1,stagger,2,2492,52.433670547814465,5239
sparklemotion-nokogiri.csv,BATCHSTOP4,-1,stagger,3,2483,52.60545905707196,5239
sparklemotion-nokogiri.csv,BATCHDIVIDE4,-1,stagger,2,3177,39.35865623210536,5239
sparklemotion-nokogiri.csv,BATCHDIVIDE4,-1,stagger,3,3096,40.90475281542279,5239
sparklemotion-nokogiri.csv,BATCHBISECT,-1,random_linear,-1,2937,43.93968314563848,5239
sparklemotion-nokogiri.csv,BATCHSTOP4,-1,random_linear,-1,2540,51.51746516510784,5239
sparklemotion-nokogiri.csv,BATCHDIVIDE4,-1,random_linear,-1,3176,39.37774384424508,5239
sparklemotion-nokogiri.csv,BATCHBISECT,-1,random_exponential,-1,2947,43.748807024241266,5239
sparklemotion-nokogiri.csv,BATCHSTOP4,-1,random_exponential,-1,2538,51.555640389387285,5239
sparklemotion-nokogiri.csv,BATCHDIVIDE4,-1,random_exponential,-1,2993,42.870776865814086,5239
Graylog2-graylog2-server.csv,BATCHBISECT,-1,linear,2,3294,61.60391654038932,8579
Graylog2-graylog2-server.csv,BATCHBISECT,-1,linear,3,3245,62.17507868049889,8579
Graylog2-graylog2-server.csv,BATCHBISECT,-1,linear,4,3185,62.874460892877956,8579
Graylog2-graylog2-server.csv,BATCHSTOP4,-1,linear,2,2649,69.12227532346427,8579
Graylog2-graylog2-server.csv,BATCHSTOP4,-1,linear,3,2606,69.62349924233594,8579
Graylog2-graylog2-server.csv,BATCHSTOP4,-1,linear,4,2589,69.82165753584334,8579
Graylog2-graylog2-server.csv,BATCHDIVIDE4,-1,linear,2,3699,56.88308660683063,8579
Graylog2-graylog2-server.csv,BATCHDIVIDE4,-1,linear,3,3750,56.288611726308424,8579
Graylog2-graylog2-server.csv,BATCHDIVIDE4,-1,linear,4,3669,57.23277771302016,8579
Graylog2-graylog2-server.csv,BATCHBISECT,-1,exponential,2,3081,64.086723394335,8579
Graylog2-graylog2-server.csv,BATCHBISECT,-1,exponential,3,3235,62.29164238256207,8579
Graylog2-graylog2-server.csv,BATCHSTOP4,-1,exponential,2,2539,70.40447604615923,8579
Graylog2-graylog2-server.csv,BATCHSTOP4,-1,exponential,3,2616,69.50693554027276,8579
Graylog2-graylog2-server.csv,BATCHDIVIDE4,-1,exponential,2,3697,56.906399347243266,8579
Graylog2-graylog2-server.csv,BATCHDIVIDE4,-1,exponential,3,2949,65.62536426156895,8579
Graylog2-graylog2-server.csv,BATCHBISECT,-1,stagger,2,3169,63.06096281617904,8579
Graylog2-graylog2-server.csv,BATCHBISECT,-1,stagger,3,3102,63.84193962000233,8579
Graylog2-graylog2-server.csv,BATCHSTOP4,-1,stagger,2,2636,69.2738081361464,8579
Graylog2-graylog2-server.csv,BATCHSTOP4,-1,stagger,3,2571,70.03147219955706,8579
Graylog2-graylog2-server.csv,BATCHDIVIDE4,-1,stagger,2,3904,54.493530714535495,8579
Graylog2-graylog2-server.csv,BATCHDIVIDE4,-1,stagger,3,3819,55.4843221820725,8579
Graylog2-graylog2-server.csv,BATCHBISECT,-1,random_linear,-1,3168,63.07261918638536,8579
Graylog2-graylog2-server.csv,BATCHSTOP4,-1,random_linear,-1,2639,69.23883902552745,8579
Graylog2-graylog2-server.csv,BATCHDIVIDE4,-1,random_linear,-1,3802,55.68248047557991,8579
Graylog2-graylog2-server.csv,BATCHBISECT,-1,random_exponential,-1,3184,62.88611726308427,8579
Graylog2-graylog2-server.csv,BATCHSTOP4,-1,random_exponential,-1,2620,69.4603100594475,8579
Graylog2-graylog2-server.csv,BATCHDIVIDE4,-1,random_exponential,-1,3195,62.75789719081478,8579
cloudfoundry-uaa.csv,BATCHBISECT,-1,linear,2,3254,61.15090735434575,8376
cloudfoundry-uaa.csv,BATCHBISECT,-1,linear,3,3203,61.75978987583572,8376
cloudfoundry-uaa.csv,BATCHBISECT,-1,linear,4,3167,62.18958930276982,8376
cloudfoundry-uaa.csv,BATCHSTOP4,-1,linear,2,2489,70.28414517669532,8376
cloudfoundry-uaa.csv,BATCHSTOP4,-1,linear,3,2496,70.20057306590257,8376
cloudfoundry-uaa.csv,BATCHSTOP4,-1,linear,4,2492,70.24832855778415,8376
cloudfoundry-uaa.csv,BATCHDIVIDE4,-1,linear,2,3631,56.64995224450812,8376
cloudfoundry-uaa.csv,BATCHDIVIDE4,-1,linear,3,3663,56.267908309455585,8376
cloudfoundry-uaa.csv,BATCHDIVIDE4,-1,linear,4,3646,56.47086914995224,8376
cloudfoundry-uaa.csv,BATCHBISECT,-1,exponential,2,2983,64.38634192932187,8376
cloudfoundry-uaa.csv,BATCHBISECT,-1,exponential,3,3101,62.97755491881566,8376
cloudfoundry-uaa.csv,BATCHSTOP4,-1,exponential,2,2295,72.60028653295129,8376
cloudfoundry-uaa.csv,BATCHSTOP4,-1,exponential,3,2435,70.92884431709646,8376
cloudfoundry-uaa.csv,BATCHDIVIDE4,-1,exponential,2,3546,57.664756446991404,8376
cloudfoundry-uaa.csv,BATCHDIVIDE4,-1,exponential,3,2786,66.73829990448903,8376
cloudfoundry-uaa.csv,BATCHBISECT,-1,stagger,2,3086,63.15663801337154,8376
cloudfoundry-uaa.csv,BATCHBISECT,-1,stagger,3,3001,64.17144221585482,8376
cloudfoundry-uaa.csv,BATCHSTOP4,-1,stagger,2,2498,70.1766953199618,8376
cloudfoundry-uaa.csv,BATCHSTOP4,-1,stagger,3,2477,70.42741165234003,8376
cloudfoundry-uaa.csv,BATCHDIVIDE4,-1,stagger,2,3854,53.98758357211079,8376
cloudfoundry-uaa.csv,BATCHDIVIDE4,-1,stagger,3,3848,54.05921680993314,8376
cloudfoundry-uaa.csv,BATCHBISECT,-1,random_linear,-1,3060,63.467048710601716,8376
cloudfoundry-uaa.csv,BATCHSTOP4,-1,random_linear,-1,2471,70.49904489016237,8376
cloudfoundry-uaa.csv,BATCHDIVIDE4,-1,random_linear,-1,3772,54.96657115568291,8376
cloudfoundry-uaa.csv,BATCHBISECT,-1,random_exponential,-1,3177,62.070200573065904,8376
cloudfoundry-uaa.csv,BATCHSTOP4,-1,random_exponential,-1,2532,69.77077363896848,8376
cloudfoundry-uaa.csv,BATCHDIVIDE4,-1,random_exponential,-1,2954,64.73256924546322,8376
apache-jackrabbit-oak.csv,BATCHBISECT,-1,linear,2,9541,-2.3163538873994582,9325
apache-jackrabbit-oak.csv,BATCHBISECT,-1,linear,3,9638,-3.356568364611263,9325
apache-jackrabbit-oak.csv,BATCHBISECT,-1,linear,4,9742,-4.471849865951739,9325
apache-jackrabbit-oak.csv,BATCHSTOP4,-1,linear,2,7591,18.595174262734588,9325
apache-jackrabbit-oak.csv,BATCHSTOP4,-1,linear,3,7705,17.37265415549598,9325
apache-jackrabbit-oak.csv,BATCHSTOP4,-1,linear,4,7935,14.906166219839136,9325
apache-jackrabbit-oak.csv,BATCHDIVIDE4,-1,linear,2,8429,9.608579088471856,9325
apache-jackrabbit-oak.csv,BATCHDIVIDE4,-1,linear,3,8344,10.520107238605902,9325
apache-jackrabbit-oak.csv,BATCHDIVIDE4,-1,linear,4,8353,10.42359249329759,9325
apache-jackrabbit-oak.csv,BATCHBISECT,-1,exponential,2,9301,0.25737265415548904,9325
apache-jackrabbit-oak.csv,BATCHBISECT,-1,exponential,3,9915,-6.327077747989279,9325
apache-jackrabbit-oak.csv,BATCHSTOP4,-1,exponential,2,7539,19.15281501340482,9325
apache-jackrabbit-oak.csv,BATCHSTOP4,-1,exponential,3,7831,16.021447721179626,9325
apache-jackrabbit-oak.csv,BATCHDIVIDE4,-1,exponential,2,8357,10.380697050938338,9325
apache-jackrabbit-oak.csv,BATCHDIVIDE4,-1,exponential,3,8456,9.31903485254692,9325
apache-jackrabbit-oak.csv,BATCHBISECT,-1,stagger,2,9071,2.7238605898123325,9325
apache-jackrabbit-oak.csv,BATCHBISECT,-1,stagger,3,9476,-1.6193029490616624,9325
apache-jackrabbit-oak.csv,BATCHSTOP4,-1,stagger,2,7558,18.94906166219839,9325
apache-jackrabbit-oak.csv,BATCHSTOP4,-1,stagger,3,7654,17.919571045576404,9325
apache-jackrabbit-oak.csv,BATCHDIVIDE4,-1,stagger,2,8433,9.565683646112603,9325
apache-jackrabbit-oak.csv,BATCHDIVIDE4,-1,stagger,3,8424,9.662198391420915,9325
apache-jackrabbit-oak.csv,BATCHBISECT,-1,random_linear,-1,9625,-3.2171581769436983,9325
apache-jackrabbit-oak.csv,BATCHSTOP4,-1,random_linear,-1,7649,17.973190348525463,9325
apache-jackrabbit-oak.csv,BATCHDIVIDE4,-1,random_linear,-1,8411,9.801608579088466,9325
apache-jackrabbit-oak.csv,BATCHBISECT,-1,random_exponential,-1,9798,-5.0723860589812375,9325
apache-jackrabbit-oak.csv,BATCHSTOP4,-1,random_exponential,-1,7792,16.439678284182307,9325
apache-jackrabbit-oak.csv,BATCHDIVIDE4,-1,random_exponential,-1,8451,9.37265415549598,9325
apache-pdfbox.csv,BATCHBISECT,-1,linear,2,10269,2.5988807739732493,10543
apache-pdfbox.csv,BATCHBISECT,-1,linear,3,10328,2.0392677605994436,10543
apache-pdfbox.csv,BATCHBISECT,-1,linear,4,10411,1.2520155553447836,10543
apache-pdfbox.csv,BATCHSTOP4,-1,linear,2,8561,18.799203262828414,10543
apache-pdfbox.csv,BATCHSTOP4,-1,linear,3,8615,18.287015081096456,10543
apache-pdfbox.csv,BATCHSTOP4,-1,linear,4,8739,17.110879256378638,10543
apache-pdfbox.csv,BATCHDIVIDE4,-1,linear,2,9579,9.143507540548228,10543
apache-pdfbox.csv,BATCHDIVIDE4,-1,linear,3,9537,9.541876126339758,10543
apache-pdfbox.csv,BATCHDIVIDE4,-1,linear,4,9598,8.963293180309208,10543
apache-pdfbox.csv,BATCHBISECT,-1,exponential,2,10337,1.9539030636441197,10543
apache-pdfbox.csv,BATCHBISECT,-1,exponential,3,10609,-0.6260077776723847,10543
apache-pdfbox.csv,BATCHSTOP4,-1,exponential,2,8498,19.396756141515695,10543
apache-pdfbox.csv,BATCHSTOP4,-1,exponential,3,8837,16.18135255619842,10543
apache-pdfbox.csv,BATCHDIVIDE4,-1,exponential,2,9521,9.693635587593661,10543
apache-pdfbox.csv,BATCHDIVIDE4,-1,exponential,3,9474,10.139429005027026,10543
apache-pdfbox.csv,BATCHBISECT,-1,stagger,2,9873,6.354927440007586,10543
apache-pdfbox.csv,BATCHBISECT,-1,stagger,3,10201,3.243858484302379,10543
apache-pdfbox.csv,BATCHSTOP4,-1,stagger,2,8491,19.463150905814288,10543
apache-pdfbox.csv,BATCHSTOP4,-1,stagger,3,8733,17.16778905434886,10543
apache-pdfbox.csv,BATCHDIVIDE4,-1,stagger,2,9517,9.731575452907137,10543
apache-pdfbox.csv,BATCHDIVIDE4,-1,stagger,3,9516,9.74106041923551,10543
apache-pdfbox.csv,BATCHBISECT,-1,random_linear,-1,10360,1.7357488380916237,10543
apache-pdfbox.csv,BATCHSTOP4,-1,random_linear,-1,8624,18.201650384141132,10543
apache-pdfbox.csv,BATCHDIVIDE4,-1,random_linear,-1,9567,9.25732713648867,10543
apache-pdfbox.csv,BATCHBISECT,-1,random_exponential,-1,10721,-1.6883240064497755,10543
apache-pdfbox.csv,BATCHSTOP4,-1,random_exponential,-1,8790,16.627145973631798,10543
apache-pdfbox.csv,BATCHDIVIDE4,-1,random_exponential,-1,9576,9.171962439533345,10543
apache-sling.csv,BATCHBISECT,-1,linear,2,14900,-0.4043126684636178,14840
apache-sling.csv,BATCHBISECT,-1,linear,3,14809,0.2088948787062037,14840
apache-sling.csv,BATCHBISECT,-1,linear,4,14820,0.13477088948786786,14840
apache-sling.csv,BATCHSTOP4,-1,linear,2,14742,0.6603773584905639,14840
apache-sling.csv,BATCHSTOP4,-1,linear,3,14728,0.7547169811320771,14840
apache-sling.csv,BATCHSTOP4,-1,linear,4,14738,0.6873315363881431,14840
apache-sling.csv,BATCHDIVIDE4,-1,linear,2,14798,0.28301886792452535,14840
apache-sling.csv,BATCHDIVIDE4,-1,linear,3,14768,0.48517520215632715,14840
apache-sling.csv,BATCHDIVIDE4,-1,linear,4,14777,0.42452830188679513,14840
apache-sling.csv,BATCHBISECT,-1,exponential,2,14832,0.0539083557951443,14840
apache-sling.csv,BATCHBISECT,-1,exponential,3,14842,-0.013477088948789628,14840
apache-sling.csv,BATCHSTOP4,-1,exponential,2,14730,0.7412398921832875,14840
apache-sling.csv,BATCHSTOP4,-1,exponential,3,14753,0.5862533692722423,14840
apache-sling.csv,BATCHDIVIDE4,-1,exponential,2,14784,0.37735849056603854,14840
apache-sling.csv,BATCHDIVIDE4,-1,exponential,3,14781,0.3975741239892159,14840
apache-sling.csv,BATCHBISECT,-1,stagger,2,14794,0.3099730458221046,14840
apache-sling.csv,BATCHBISECT,-1,stagger,3,14825,0.1010781671159009,14840
apache-sling.csv,BATCHSTOP4,-1,stagger,2,14723,0.788409703504044,14840
apache-sling.csv,BATCHSTOP4,-1,stagger,3,14741,0.6671159029649658,14840
apache-sling.csv,BATCHDIVIDE4,-1,stagger,2,14777,0.42452830188679513,14840
apache-sling.csv,BATCHDIVIDE4,-1,stagger,3,14780,0.4043126684636178,14840
apache-sling.csv,BATCHBISECT,-1,random_linear,-1,14838,0.013477088948789628,14840
apache-sling.csv,BATCHSTOP4,-1,random_linear,-1,14721,0.8018867924528337,14840
apache-sling.csv,BATCHDIVIDE4,-1,random_linear,-1,14767,0.49191374663072907,14840
apache-sling.csv,BATCHBISECT,-1,random_exponential,-1,14848,-0.0539083557951443,14840
apache-sling.csv,BATCHSTOP4,-1,random_exponential,-1,14743,0.6536388140161762,14840
apache-sling.csv,BATCHDIVIDE4,-1,random_exponential,-1,14786,0.3638814016172489,14840
SonarSource-sonar-java.csv,BATCHBISECT,-1,linear,2,9197,43.14064914992272,16175
SonarSource-sonar-java.csv,BATCHBISECT,-1,linear,3,9162,43.35703245749614,16175
SonarSource-sonar-java.csv,BATCHBISECT,-1,linear,4,9086,43.826893353941266,16175
SonarSource-sonar-java.csv,BATCHSTOP4,-1,linear,2,6803,57.94126738794436,16175
SonarSource-sonar-java.csv,BATCHSTOP4,-1,linear,3,6811,57.891808346213296,16175
SonarSource-sonar-java.csv,BATCHSTOP4,-1,linear,4,6821,57.82998454404946,16175
SonarSource-sonar-java.csv,BATCHDIVIDE4,-1,linear,2,9122,43.60432766615147,16175
SonarSource-sonar-java.csv,BATCHDIVIDE4,-1,linear,3,9029,44.179289026275114,16175
